State,State_Abb,Year,sodomy_illega,marriage_ban,marriage_equality,civil_union,employment_discrim_so,hate_crime_so,joint_adoption,adoption_religious_freedom,conversion_therapy_ban,housing_discrim_so,state_ban_local_nondiscrimimation,state_couple_laws
Alabama,AL,1991,1,0,0,0,0,0,0,0,0,0,0,-1
Alabama,AL,1992,1,0,0,0,0,0,0,0,0,0,0,-1
Alabama,AL,1993,1,0,0,0,0,0,0,0,0,0,0,-1
Alabama,AL,1994,1,0,0,0,0,0,0,0,0,0,0,-1
Alabama,AL,1995,1,0,0,0,0,0,0,0,0,0,0,-1
Alabama,AL,1996,1,0,0,0,0,0,0,0,0,0,0,-1
Alabama,AL,1997,1,0,0,0,0,0,0,0,0,0,0,-1
Alabama,AL,1998,1,0,0,0,0,0,0,0,0,0,0,-1
Alabama,AL,1999,1,0,0,0,0,0,0,0,0,0,0,-1
Alabama,AL,2000,1,0,0,0,0,0,0,0,0,0,0,-1
Alabama,AL,2001,1,0,0,0,0,0,0,0,0,0,0,-1
Alabama,AL,2002,1,0,0,0,0,0,0,0,0,0,0,-1
Alabama,AL,2003,0,0,0,0,0,0,0,0,0,0,0,0
Alabama,AL,2004,0,0,0,0,0,0,0,0,0,0,0,0
Alabama,AL,2005,0,0,0,0,0,0,0,0,0,0,0,0
Alabama,AL,2006,0,1,0,0,0,0,0,0,0,0,0,0
Alabama,AL,2007,0,1,0,0,0,0,0,0,0,0,0,0
Alabama,AL,2008,0,1,0,0,0,0,0,0,0,0,0,0
Alabama,AL,2009,0,1,0,0,0,0,0,0,0,0,0,0
Alabama,AL,2010,0,1,0,0,0,0,0,0,0,0,0,0
Alabama,AL,2011,0,1,0,0,0,0,0,0,0,0,0,0
Alabama,AL,2012,0,1,0,0,0,0,0,0,0,0,0,0
Alabama,AL,2013,0,1,0,0,0,0,0,0,0,0,0,0
Alabama,AL,2014,0,1,0,0,0,0,0,0,0,0,0,0
Alabama,AL,2015,0,0,1,0,0,0,0,0,0,0,0,1
Alabama,AL,2016,0,0,1,0,0,0,0,0,0,0,0,1
Alabama,AL,2017,0,0,1,0,0,0,0,1,0,0,0,1
Alabama,AL,2018,0,0,1,0,0,0,0,1,0,0,0,1
Alabama,AL,2019,0,0,1,0,0,0,0,1,0,0,0,1
Alabama,AL,2020,0,0,1,0,1,0,0,1,0,0,0,1
Alaska,AK,1991,0,0,0,0,0,0,0,0,0,0,0,0
Alaska,AK,1992,0,0,0,0,0,0,0,0,0,0,0,0
Alaska,AK,1993,0,0,0,0,0,0,0,0,0,0,0,0
Alaska,AK,1994,0,0,0,0,0,0,0,0,0,0,0,0
Alaska,AK,1995,0,0,0,0,0,0,0,0,0,0,0,0
Alaska,AK,1996,0,0,0,0,0,0,0,0,0,0,0,0
Alaska,AK,1997,0,0,0,0,0,0,0,0,0,0,0,0
Alaska,AK,1998,0,1,0,0,0,0,0,0,0,0,0,0
Alaska,AK,1999,0,1,0,0,0,0,0,0,0,0,0,0
Alaska,AK,2000,0,1,0,0,0,0,0,0,0,0,0,0
Alaska,AK,2001,0,1,0,0,0,0,0,0,0,0,0,0
Alaska,AK,2002,0,1,0,0,0,0,0,0,0,0,0,0
Alaska,AK,2003,0,1,0,0,0,0,0,0,0,0,0,0
Alaska,AK,2004,0,1,0,0,0,0,0,0,0,0,0,0
Alaska,AK,2005,0,1,0,0,0,0,0,0,0,0,0,0
Alaska,AK,2006,0,1,0,0,0,0,0,0,0,0,0,0
Alaska,AK,2007,0,1,0,0,0,0,0,0,0,0,0,0
Alaska,AK,2008,0,1,0,0,0,0,0,0,0,0,0,0
Alaska,AK,2009,0,1,0,0,0,0,0,0,0,0,0,0
Alaska,AK,2010,0,1,0,0,0,0,0,0,0,0,0,0
Alaska,AK,2011,0,1,0,0,0,0,0,0,0,0,0,0
Alaska,AK,2012,0,1,0,0,0,0,0,0,0,0,0,0
Alaska,AK,2013,0,1,0,0,0,0,0,0,0,0,0,0
Alaska,AK,2014,0,0,1,0,0,0,0,0,0,0,0,1
Alaska,AK,2015,0,0,1,0,0,0,0,0,0,0,0,1
Alaska,AK,2016,0,0,1,0,0,0,0,0,0,0,0,1
Alaska,AK,2017,0,0,1,0,0,0,0,0,0,0,0,1
Alaska,AK,2018,0,0,1,0,0,0,0,0,0,0,0,1
Alaska,AK,2019,0,0,1,0,0,0,0,0,0,0,0,1
Alaska,AK,2020,0,0,1,0,1,0,0,0,0,0,0,1
Arizona,AZ,1991,1,0,0,0,0,0,0,0,0,0,0,-1
Arizona,AZ,1992,1,0,0,0,0,0,0,0,0,0,0,-1
Arizona,AZ,1993,1,0,0,0,0,0,0,0,0,0,0,-1
Arizona,AZ,1994,1,0,0,0,0,0,0,0,0,0,0,-1
Arizona,AZ,1995,1,0,0,0,0,0,0,0,0,0,0,-1
Arizona,AZ,1996,1,0,0,0,0,0,0,0,0,0,0,-1
Arizona,AZ,1997,1,0,0,0,0,0,0,0,0,0,0,-1
Arizona,AZ,1998,1,0,0,0,0,0,0,0,0,0,0,-1
Arizona,AZ,1999,1,0,0,0,0,0,0,0,0,0,0,-1
Arizona,AZ,2000,1,0,0,0,0,0,0,0,0,0,0,-1
Arizona,AZ,2001,0,0,0,0,0,0,0,0,0,0,0,0
Arizona,AZ,2002,0,0,0,0,0,0,0,0,0,0,0,0
Arizona,AZ,2003,0,0,0,0,0,1,0,0,0,0,0,0
Arizona,AZ,2004,0,0,0,0,0,1,0,0,0,0,0,0
Arizona,AZ,2005,0,0,0,0,0,1,0,0,0,0,0,0
Arizona,AZ,2006,0,0,0,0,0,1,0,0,0,0,0,0
Arizona,AZ,2007,0,0,0,0,0,1,0,0,0,0,0,0
Arizona,AZ,2008,0,1,0,0,0,1,0,0,0,0,0,0
Arizona,AZ,2009,0,1,0,0,0,1,0,0,0,0,0,0
Arizona,AZ,2010,0,1,0,0,0,1,0,0,0,0,0,0
Arizona,AZ,2011,0,1,0,0,0,1,0,0,0,0,0,0
Arizona,AZ,2012,0,1,0,0,0,1,0,0,0,0,0,0
Arizona,AZ,2013,0,1,0,0,0,1,0,0,0,0,0,0
Arizona,AZ,2014,0,0,0,0,0,1,0,0,0,0,0,0
Arizona,AZ,2015,0,0,1,0,0,1,0,0,0,0,1,1
Arizona,AZ,2016,0,0,1,0,0,1,0,0,0,0,1,1
Arizona,AZ,2017,0,0,1,0,0,1,0,0,0,0,1,1
Arizona,AZ,2018,0,0,1,0,0,1,0,0,0,0,1,1
Arizona,AZ,2019,0,0,1,0,0,1,0,0,0,0,1,1
Arizona,AZ,2020,0,0,1,0,1,1,0,0,0,0,1,1
Arkansas,AR,1991,1,0,0,0,0,0,0,0,0,0,0,-1
Arkansas,AR,1992,1,0,0,0,0,0,0,0,0,0,0,-1
Arkansas,AR,1993,1,0,0,0,0,0,0,0,0,0,0,-1
Arkansas,AR,1994,1,0,0,0,0,0,0,0,0,0,0,-1
Arkansas,AR,1995,1,0,0,0,0,0,0,0,0,0,0,-1
Arkansas,AR,1996,1,0,0,0,0,0,0,0,0,0,0,-1
Arkansas,AR,1997,1,0,0,0,0,0,0,0,0,0,0,-1
Arkansas,AR,1998,1,0,0,0,0,0,0,0,0,0,0,-1
Arkansas,AR,1999,1,0,0,0,0,0,0,0,0,0,0,-1
Arkansas,AR,2000,1,0,0,0,0,0,0,0,0,0,0,-1
Arkansas,AR,2001,0,0,0,0,0,0,0,0,0,0,0,0
Arkansas,AR,2002,0,0,0,0,0,0,0,0,0,0,0,0
Arkansas,AR,2003,0,0,0,0,0,0,0,0,0,0,0,0
Arkansas,AR,2004,0,1,0,0,0,0,0,0,0,0,0,0
Arkansas,AR,2005,0,1,0,0,0,0,0,0,0,0,0,0
Arkansas,AR,2006,0,1,0,0,0,0,0,0,0,0,0,0
Arkansas,AR,2007,0,1,0,0,0,0,0,0,0,0,0,0
Arkansas,AR,2008,0,1,0,0,0,0,0,0,0,0,0,0
Arkansas,AR,2009,0,1,0,0,0,0,0,0,0,0,0,0
Arkansas,AR,2010,0,1,0,0,0,0,0,0,0,0,0,0
Arkansas,AR,2011,0,1,0,0,0,0,0,0,0,0,0,0
Arkansas,AR,2012,0,1,0,0,0,0,0,0,0,0,0,0
Arkansas,AR,2013,0,1,0,0,0,0,0,0,0,0,0,0
Arkansas,AR,2014,0,1,1,0,0,0,0,0,0,0,0,1
Arkansas,AR,2015,0,0,1,0,0,0,0,0,0,0,0,1
Arkansas,AR,2016,0,0,1,0,0,0,0,0,0,0,0,1
Arkansas,AR,2017,0,0,1,0,0,0,0,0,0,0,0,1
Arkansas,AR,2018,0,0,1,0,0,0,0,0,0,0,0,1
Arkansas,AR,2019,0,0,1,0,0,0,0,0,0,0,0,1
Arkansas,AR,2020,0,0,1,0,1,0,0,0,0,0,0,1
California,CA,1991,0,0,0,0,0,0,0,0,0,0,0,0
California,CA,1992,0,0,0,0,1,0,0,0,0,0,0,0
California,CA,1993,0,0,0,0,1,0,0,0,0,0,0,0
California,CA,1994,0,0,0,0,1,0,0,0,0,0,0,0
California,CA,1995,0,0,0,0,1,0,0,0,0,0,0,0
California,CA,1996,0,0,0,0,1,0,0,0,0,0,0,0
California,CA,1997,0,0,0,0,1,0,0,0,0,0,0,0
California,CA,1998,0,0,0,0,1,0,0,0,0,0,0,0
California,CA,1999,0,0,0,0,1,1,0,0,0,1,0,0
California,CA,2000,0,0,0,0,1,1,0,0,0,1,0,0
California,CA,2001,0,0,0,0,1,1,0,0,0,1,0,0
California,CA,2002,0,0,0,0,1,1,0,0,0,1,0,0
California,CA,2003,0,0,0,0,1,1,0,0,0,1,0,0
California,CA,2004,0,0,0,0,1,1,0,0,0,1,0,0
California,CA,2005,0,0,0,0,1,1,0,0,0,1,0,0
California,CA,2006,0,0,0,0,1,1,1,0,0,1,0,1
California,CA,2007,0,0,0,0,1,1,1,0,0,1,0,1
California,CA,2008,0,1,0,0,1,1,1,0,0,1,0,1
California,CA,2009,0,1,0,0,1,1,1,0,0,1,0,1
California,CA,2010,0,1,0,0,1,1,1,0,0,1,0,1
California,CA,2011,0,1,0,0,1,1,1,0,0,1,0,1
California,CA,2012,0,1,0,0,1,1,1,0,1,1,0,1
California,CA,2013,0,0,1,0,1,1,1,0,1,1,0,2
California,CA,2014,0,0,1,0,1,1,1,0,1,1,0,2
California,CA,2015,0,0,1,0,1,1,1,0,1,1,0,2
California,CA,2016,0,0,1,0,1,1,1,0,1,1,0,2
California,CA,2017,0,0,1,0,1,1,1,0,1,1,0,2
California,CA,2018,0,0,1,0,1,1,1,0,1,1,0,2
California,CA,2019,0,0,1,0,1,1,1,0,1,1,0,2
California,CA,2020,0,0,1,0,1,1,1,0,1,1,0,2
Colorado,CO,1991,0,0,0,0,0,0,0,0,0,0,0,0
Colorado,CO,1992,0,0,0,0,0,0,0,0,0,0,0,0
Colorado,CO,1993,0,0,0,0,0,0,0,0,0,0,0,0
Colorado,CO,1994,0,0,0,0,0,0,0,0,0,0,0,0
Colorado,CO,1995,0,0,0,0,0,0,0,0,0,0,0,0
Colorado,CO,1996,0,0,0,0,0,0,0,0,0,0,0,0
Colorado,CO,1997,0,0,0,0,0,0,0,0,0,0,0,0
Colorado,CO,1998,0,0,0,0,0,0,0,0,0,0,0,0
Colorado,CO,1999,0,0,0,0,0,0,0,0,0,0,0,0
Colorado,CO,2000,0,0,0,0,0,0,0,0,0,0,0,0
Colorado,CO,2001,0,0,0,0,0,0,0,0,0,0,0,0
Colorado,CO,2002,0,0,0,0,0,0,0,0,0,0,0,0
Colorado,CO,2003,0,0,0,0,0,0,0,0,0,0,0,0
Colorado,CO,2004,0,0,0,0,0,0,0,0,0,0,0,0
Colorado,CO,2005,0,0,0,0,0,1,0,0,0,0,0,0
Colorado,CO,2006,0,1,0,0,0,1,0,0,0,0,0,0
Colorado,CO,2007,0,1,0,0,1,1,0,0,0,0,0,0
Colorado,CO,2008,0,1,0,0,1,1,0,0,0,1,0,0
Colorado,CO,2009,0,1,0,0,1,1,0,0,0,1,0,0
Colorado,CO,2010,0,1,0,0,1,1,0,0,0,1,0,0
Colorado,CO,2011,0,1,0,0,1,1,0,0,0,1,0,0
Colorado,CO,2012,0,1,0,0,1,1,0,0,0,1,0,0
Colorado,CO,2013,0,1,0,1,1,1,0,0,0,1,0,1
Colorado,CO,2014,0,0,1,1,1,1,0,0,0,1,0,2
Colorado,CO,2015,0,0,1,1,1,1,1,0,0,1,0,3
Colorado,CO,2016,0,0,1,1,1,1,1,0,0,1,0,3
Colorado,CO,2017,0,0,1,1,1,1,1,0,0,1,0,3
Colorado,CO,2018,0,0,1,1,1,1,1,0,0,1,0,3
Colorado,CO,2019,0,0,1,1,1,1,1,0,1,1,0,3
Colorado,CO,2020,0,0,1,1,1,1,1,0,1,1,0,3
Connecticut,CT,1991,0,0,0,0,1,0,0,0,0,0,0,0
Connecticut,CT,1992,0,0,0,0,1,0,0,0,0,0,0,0
Connecticut,CT,1993,0,0,0,0,1,0,0,0,0,0,0,0
Connecticut,CT,1994,0,0,0,0,1,0,0,0,0,0,0,0
Connecticut,CT,1995,0,0,0,0,1,0,0,0,0,0,0,0
Connecticut,CT,1996,0,0,0,0,1,0,0,0,0,0,0,0
Connecticut,CT,1997,0,0,0,0,1,0,0,0,0,0,0,0
Connecticut,CT,1998,0,0,0,0,1,0,0,0,0,0,0,0
Connecticut,CT,1999,0,0,0,0,1,0,0,0,0,1,0,0
Connecticut,CT,2000,0,0,0,0,1,0,0,0,0,1,0,0
Connecticut,CT,2001,0,0,0,0,1,0,0,0,0,1,0,0
Connecticut,CT,2002,0,0,0,0,1,0,0,0,0,1,0,0
Connecticut,CT,2003,0,0,0,0,1,0,0,0,0,1,0,0
Connecticut,CT,2004,0,0,0,0,1,1,1,0,0,1,0,1
Connecticut,CT,2005,0,0,0,0,1,1,1,0,0,1,0,1
Connecticut,CT,2006,0,0,0,0,1,1,1,0,0,1,0,1
Connecticut,CT,2007,0,0,0,0,1,1,1,0,0,1,0,1
Connecticut,CT,2008,0,0,1,0,1,1,1,0,0,1,0,2
Connecticut,CT,2009,0,0,1,0,1,1,1,0,0,1,0,2
Connecticut,CT,2010,0,0,1,0,1,1,1,0,0,1,0,2
Connecticut,CT,2011,0,0,1,0,1,1,1,0,0,1,0,2
Connecticut,CT,2012,0,0,1,0,1,1,1,0,0,1,0,2
Connecticut,CT,2013,0,0,1,0,1,1,1,0,0,1,0,2
Connecticut,CT,2014,0,0,1,0,1,1,1,0,0,1,0,2
Connecticut,CT,2015,0,0,1,0,1,1,1,0,0,1,0,2
Connecticut,CT,2016,0,0,1,0,1,1,1,0,0,1,0,2
Connecticut,CT,2017,0,0,1,0,1,1,1,0,1,1,0,2
Connecticut,CT,2018,0,0,1,0,1,1,1,0,1,1,0,2
Connecticut,CT,2019,0,0,1,0,1,1,1,0,1,1,0,2
Connecticut,CT,2020,0,0,1,0,1,1,1,0,1,1,0,2
DC,DC,1991,1,0,0,0,1,1,1,0,0,1,0,0
DC,DC,1992,1,0,0,0,1,1,1,0,0,1,0,0
DC,DC,1993,0,0,0,0,1,1,1,0,0,1,0,1
DC,DC,1994,0,0,0,0,1,1,1,0,0,1,0,1
DC,DC,1995,0,0,0,0,1,1,1,0,0,1,0,1
DC,DC,1996,0,0,0,0,1,1,1,0,0,1,0,1
DC,DC,1997,0,0,0,0,1,1,1,0,0,1,0,1
DC,DC,1998,0,0,0,0,1,1,1,0,0,1,0,1
DC,DC,1999,0,0,0,0,1,1,1,0,0,1,0,1
DC,DC,2000,0,0,0,0,1,1,1,0,0,1,0,1
DC,DC,2001,0,0,0,0,1,1,1,0,0,1,0,1
DC,DC,2002,0,0,0,0,1,1,1,0,0,1,0,1
DC,DC,2003,0,0,0,0,1,1,1,0,0,1,0,1
DC,DC,2004,0,0,0,0,1,1,1,0,0,1,0,1
DC,DC,2005,0,0,0,0,1,1,1,0,0,1,0,1
DC,DC,2006,0,0,0,1,1,1,1,0,0,1,0,2
DC,DC,2007,0,0,0,1,1,1,1,0,0,1,0,2
DC,DC,2008,0,0,0,1,1,1,1,0,0,1,0,2
DC,DC,2009,0,0,0,1,1,1,1,0,0,1,0,2
DC,DC,2010,0,0,1,1,1,1,1,0,0,1,0,3
DC,DC,2011,0,0,1,1,1,1,1,0,0,1,0,3
DC,DC,2012,0,0,1,1,1,1,1,0,0,1,0,3
DC,DC,2013,0,0,1,1,1,1,1,0,0,1,0,3
DC,DC,2014,0,0,1,1,1,1,1,0,1,1,0,3
DC,DC,2015,0,0,1,1,1,1,1,0,1,1,0,3
DC,DC,2016,0,0,1,1,1,1,1,0,1,1,0,3
DC,DC,2017,0,0,1,1,1,1,1,0,1,1,0,3
DC,DC,2018,0,0,1,1,1,1,1,0,1,1,0,3
DC,DC,2019,0,0,1,1,1,1,1,0,1,1,0,3
DC,DC,2020,0,0,1,1,1,1,1,0,1,1,0,3
Delaware,DE,1991,0,0,0,0,0,0,0,0,0,0,0,0
Delaware,DE,1992,0,0,0,0,0,0,0,0,0,0,0,0
Delaware,DE,1993,0,0,0,0,0,0,0,0,0,0,0,0
Delaware,DE,1994,0,0,0,0,0,0,0,0,0,0,0,0
Delaware,DE,1995,0,0,0,0,0,0,0,0,0,0,0,0
Delaware,DE,1996,0,0,0,0,0,0,0,0,0,0,0,0
Delaware,DE,1997,0,0,0,0,0,1,0,0,0,0,0,0
Delaware,DE,1998,0,0,0,0,0,1,0,0,0,0,0,0
Delaware,DE,1999,0,0,0,0,0,1,0,0,0,0,0,0
Delaware,DE,2000,0,0,0,0,0,1,0,0,0,0,0,0
Delaware,DE,2001,0,0,0,0,0,1,0,0,0,0,0,0
Delaware,DE,2002,0,0,0,0,0,1,0,0,0,0,0,0
Delaware,DE,2003,0,0,0,0,0,1,0,0,0,0,0,0
Delaware,DE,2004,0,0,0,0,0,1,0,0,0,0,0,0
Delaware,DE,2005,0,0,0,0,0,1,0,0,0,0,0,0
Delaware,DE,2006,0,0,0,0,0,1,0,0,0,0,0,0
Delaware,DE,2007,0,0,0,0,0,1,0,0,0,0,0,0
Delaware,DE,2008,0,0,0,0,0,1,0,0,0,0,0,0
Delaware,DE,2009,0,0,0,0,1,1,1,0,0,1,0,1
Delaware,DE,2010,0,0,0,0,1,1,1,0,0,1,0,1
Delaware,DE,2011,0,0,0,0,1,1,1,0,0,1,0,1
Delaware,DE,2012,0,0,0,0,1,1,1,0,0,1,0,1
Delaware,DE,2013,0,0,1,0,1,1,1,0,0,1,0,2
Delaware,DE,2014,0,0,1,0,1,1,1,0,0,1,0,2
Delaware,DE,2015,0,0,1,0,1,1,1,0,0,1,0,2
Delaware,DE,2016,0,0,1,0,1,1,1,0,0,1,0,2
Delaware,DE,2017,0,0,1,0,1,1,1,0,0,1,0,2
Delaware,DE,2018,0,0,1,0,1,1,1,0,1,1,0,2
Delaware,DE,2019,0,0,1,0,1,1,1,0,1,1,0,2
Delaware,DE,2020,0,0,1,0,1,1,1,0,1,1,0,2
Florida,FL,1991,1,0,0,0,0,0,0,0,0,0,0,-1
Florida,FL,1992,1,0,0,0,0,0,0,0,0,0,0,-1
Florida,FL,1993,1,0,0,0,0,0,0,0,0,0,0,-1
Florida,FL,1994,1,0,0,0,0,0,0,0,0,0,0,-1
Florida,FL,1995,1,0,0,0,0,0,0,0,0,0,0,-1
Florida,FL,1996,1,0,0,0,0,0,0,0,0,0,0,-1
Florida,FL,1997,1,0,0,0,0,0,0,0,0,0,0,-1
Florida,FL,1998,1,0,0,0,0,0,0,0,0,0,0,-1
Florida,FL,1999,1,0,0,0,0,0,0,0,0,0,0,-1
Florida,FL,2000,1,0,0,0,0,0,0,0,0,0,0,-1
Florida,FL,2001,1,0,0,0,0,1,0,0,0,0,0,-1
Florida,FL,2002,1,0,0,0,0,1,0,0,0,0,0,-1
Florida,FL,2003,0,0,0,0,0,1,0,0,0,0,0,0
Florida,FL,2004,0,0,0,0,0,1,0,0,0,0,0,0
Florida,FL,2005,0,0,0,0,0,1,0,0,0,0,0,0
Florida,FL,2006,0,0,0,0,0,1,0,0,0,0,0,0
Florida,FL,2007,0,0,0,0,0,1,0,0,0,0,0,0
Florida,FL,2008,0,1,0,0,0,1,0,0,0,0,0,0
Florida,FL,2009,0,1,0,0,0,1,0,0,0,0,0,0
Florida,FL,2010,0,1,0,0,0,1,0,0,0,0,0,0
Florida,FL,2011,0,1,0,0,0,1,0,0,0,0,0,0
Florida,FL,2012,0,1,0,0,0,1,0,0,0,0,0,0
Florida,FL,2013,0,1,0,0,0,1,0,0,0,0,0,0
Florida,FL,2014,0,1,0,0,0,1,0,0,0,0,0,0
Florida,FL,2015,0,0,1,0,0,1,0,0,0,0,0,1
Florida,FL,2016,0,0,1,0,0,1,0,0,0,0,0,1
Florida,FL,2017,0,0,1,0,0,1,0,0,0,0,0,1
Florida,FL,2018,0,0,1,0,0,1,0,0,0,0,0,1
Florida,FL,2019,0,0,1,0,0,1,0,0,0,0,0,1
Florida,FL,2020,0,0,1,0,1,1,0,0,0,0,0,1
Georgia,GA,1991,1,0,0,0,0,0,0,0,0,0,0,-1
Georgia,GA,1992,1,0,0,0,0,0,0,0,0,0,0,-1
Georgia,GA,1993,1,0,0,0,0,0,0,0,0,0,0,-1
Georgia,GA,1994,1,0,0,0,0,0,0,0,0,0,0,-1
Georgia,GA,1995,1,0,0,0,0,0,0,0,0,0,0,-1
Georgia,GA,1996,1,0,0,0,0,0,0,0,0,0,0,-1
Georgia,GA,1997,1,0,0,0,0,0,0,0,0,0,0,-1
Georgia,GA,1998,0,0,0,0,0,0,0,0,0,0,0,0
Georgia,GA,1999,0,0,0,0,0,0,0,0,0,0,0,0
Georgia,GA,2000,0,0,0,0,0,0,0,0,0,0,0,0
Georgia,GA,2001,0,0,0,0,0,0,0,0,0,0,0,0
Georgia,GA,2002,0,0,0,0,0,0,0,0,0,0,0,0
Georgia,GA,2003,0,0,0,0,0,0,0,0,0,0,0,0
Georgia,GA,2004,0,1,0,0,0,0,0,0,0,0,0,0
Georgia,GA,2005,0,1,0,0,0,0,0,0,0,0,0,0
Georgia,GA,2006,0,1,0,0,0,0,0,0,0,0,0,0
Georgia,GA,2007,0,1,0,0,0,0,0,0,0,0,0,0
Georgia,GA,2008,0,1,0,0,0,0,0,0,0,0,0,0
Georgia,GA,2009,0,1,0,0,0,0,0,0,0,0,0,0
Georgia,GA,2010,0,1,0,0,0,0,0,0,0,0,0,0
Georgia,GA,2011,0,1,0,0,0,0,0,0,0,0,0,0
Georgia,GA,2012,0,1,0,0,0,0,0,0,0,0,0,0
Georgia,GA,2013,0,1,0,0,0,0,0,0,0,0,0,0
Georgia,GA,2014,0,1,0,0,0,0,0,0,0,0,0,0
Georgia,GA,2015,0,0,1,0,0,0,0,0,0,0,0,1
Georgia,GA,2016,0,0,1,0,0,0,0,0,0,0,0,1
Georgia,GA,2017,0,0,1,0,0,0,0,0,0,0,0,1
Georgia,GA,2018,0,0,1,0,0,0,0,0,0,0,0,1
Georgia,GA,2019,0,0,1,0,0,0,0,0,0,0,0,1
Georgia,GA,2020,0,0,1,0,1,1,0,0,0,0,0,1
Hawaii,HI,1991,0,0,0,0,1,0,0,0,0,0,0,0
Hawaii,HI,1992,0,0,0,0,1,0,0,0,0,0,0,0
Hawaii,HI,1993,0,0,0,0,1,0,0,0,0,0,0,0
Hawaii,HI,1994,0,0,0,0,1,0,0,0,0,0,0,0
Hawaii,HI,1995,0,0,0,0,1,0,0,0,0,0,0,0
Hawaii,HI,1996,0,0,0,0,1,0,0,0,0,0,0,0
Hawaii,HI,1997,0,0,0,0,1,0,0,0,0,0,0,0
Hawaii,HI,1998,0,0,0,0,1,0,0,0,0,0,0,0
Hawaii,HI,1999,0,0,0,0,1,0,0,0,0,0,0,0
Hawaii,HI,2000,0,0,0,0,1,0,0,0,0,0,0,0
Hawaii,HI,2001,0,0,0,0,1,0,0,0,0,0,0,0
Hawaii,HI,2002,0,0,0,0,1,0,0,0,0,0,0,0
Hawaii,HI,2003,0,0,0,0,1,1,0,0,0,0,0,0
Hawaii,HI,2004,0,0,0,0,1,1,0,0,0,0,0,0
Hawaii,HI,2005,0,0,0,0,1,1,0,0,0,1,0,0
Hawaii,HI,2006,0,0,0,0,1,1,0,0,0,1,0,0
Hawaii,HI,2007,0,0,0,0,1,1,0,0,0,1,0,0
Hawaii,HI,2008,0,0,0,0,1,1,0,0,0,1,0,0
Hawaii,HI,2009,0,0,0,0,1,1,0,0,0,1,0,0
Hawaii,HI,2010,0,0,0,0,1,1,0,0,0,1,0,0
Hawaii,HI,2011,0,0,0,0,1,1,0,0,0,1,0,0
Hawaii,HI,2012,0,0,1,0,1,1,0,0,0,1,0,1
Hawaii,HI,2013,0,0,1,0,1,1,0,0,0,1,0,1
Hawaii,HI,2014,0,0,1,0,1,1,1,0,0,1,0,2
Hawaii,HI,2015,0,0,1,0,1,1,1,0,0,1,0,2
Hawaii,HI,2016,0,0,1,0,1,1,1,0,0,1,0,2
Hawaii,HI,2017,0,0,1,0,1,1,1,0,0,1,0,2
Hawaii,HI,2018,0,0,1,0,1,1,1,0,1,1,0,2
Hawaii,HI,2019,0,0,1,0,1,1,1,0,1,1,0,2
Hawaii,HI,2020,0,0,1,0,1,1,1,0,1,1,0,2
Idaho,ID,1991,1,0,0,0,0,0,0,0,0,0,0,-1
Idaho,ID,1992,1,0,0,0,0,0,0,0,0,0,0,-1
Idaho,ID,1993,1,0,0,0,0,0,0,0,0,0,0,-1
Idaho,ID,1994,1,0,0,0,0,0,0,0,0,0,0,-1
Idaho,ID,1995,1,0,0,0,0,0,0,0,0,0,0,-1
Idaho,ID,1996,1,0,0,0,0,0,0,0,0,0,0,-1
Idaho,ID,1997,1,0,0,0,0,0,0,0,0,0,0,-1
Idaho,ID,1998,1,0,0,0,0,0,0,0,0,0,0,-1
Idaho,ID,1999,1,0,0,0,0,0,0,0,0,0,0,-1
Idaho,ID,2000,1,0,0,0,0,0,0,0,0,0,0,-1
Idaho,ID,2001,1,0,0,0,0,0,0,0,0,0,0,-1
Idaho,ID,2002,1,0,0,0,0,0,0,0,0,0,0,-1
Idaho,ID,2003,0,0,0,0,0,0,0,0,0,0,0,0
Idaho,ID,2004,0,0,0,0,0,0,0,0,0,0,0,0
Idaho,ID,2005,0,0,0,0,0,0,0,0,0,0,0,0
Idaho,ID,2006,0,1,0,0,0,0,0,0,0,0,0,0
Idaho,ID,2007,0,1,0,0,0,0,0,0,0,0,0,0
Idaho,ID,2008,0,1,0,0,0,0,0,0,0,0,0,0
Idaho,ID,2009,0,1,0,0,0,0,0,0,0,0,0,0
Idaho,ID,2010,0,1,0,0,0,0,0,0,0,0,0,0
Idaho,ID,2011,0,1,0,0,0,0,0,0,0,0,0,0
Idaho,ID,2012,0,1,0,0,0,0,0,0,0,0,0,0
Idaho,ID,2013,0,1,0,0,0,0,0,0,0,0,0,0
Idaho,ID,2014,0,0,1,0,0,0,0,0,0,0,0,1
Idaho,ID,2015,0,0,1,0,0,0,0,0,0,0,0,1
Idaho,ID,2016,0,0,1,0,0,0,0,0,0,0,0,1
Idaho,ID,2017,0,0,1,0,0,0,0,0,0,0,0,1
Idaho,ID,2018,0,0,1,0,0,0,0,0,0,0,0,1
Idaho,ID,2019,0,0,1,0,0,0,0,0,0,0,0,1
Idaho,ID,2020,0,0,1,0,1,0,0,0,0,0,0,1
Illinois,IL,1991,0,0,0,0,0,0,0,0,0,0,0,0
Illinois,IL,1992,0,0,0,0,0,0,0,0,0,0,0,0
Illinois,IL,1993,0,0,0,0,0,0,0,0,0,0,0,0
Illinois,IL,1994,0,0,0,0,0,0,0,0,0,0,0,0
Illinois,IL,1995,0,0,0,0,0,0,0,0,0,0,0,0
Illinois,IL,1996,0,0,0,0,0,0,0,0,0,0,0,0
Illinois,IL,1997,0,0,0,0,0,0,0,0,0,0,0,0
Illinois,IL,1998,0,0,0,0,0,0,0,0,0,0,0,0
Illinois,IL,1999,0,0,0,0,0,0,0,0,0,0,0,0
Illinois,IL,2000,0,0,0,0,0,0,0,0,0,0,0,0
Illinois,IL,2001,0,0,0,0,0,1,0,0,0,0,0,0
Illinois,IL,2002,0,0,0,0,0,1,0,0,0,0,0,0
Illinois,IL,2003,0,0,0,0,0,1,0,0,0,0,0,0
Illinois,IL,2004,0,0,0,0,0,1,0,0,0,0,0,0
Illinois,IL,2005,0,0,0,0,1,1,0,0,0,1,0,0
Illinois,IL,2006,0,0,0,0,1,1,0,0,0,1,0,0
Illinois,IL,2007,0,0,0,0,1,1,0,0,0,1,0,0
Illinois,IL,2008,0,0,0,0,1,1,0,0,0,1,0,0
Illinois,IL,2009,0,0,0,0,1,1,0,0,0,1,0,0
Illinois,IL,2010,0,0,0,0,1,1,0,0,0,1,0,0
Illinois,IL,2011,0,0,0,1,1,1,0,0,0,1,0,1
Illinois,IL,2012,0,0,0,1,1,1,0,0,0,1,0,1
Illinois,IL,2013,0,0,1,1,1,1,0,0,0,1,0,2
Illinois,IL,2014,0,0,1,1,1,1,0,0,0,1,0,2
Illinois,IL,2015,0,0,1,1,1,1,0,0,1,1,0,2
Illinois,IL,2016,0,0,1,1,1,1,0,0,1,1,0,2
Illinois,IL,2017,0,0,1,1,1,1,1,0,1,1,0,3
Illinois,IL,2018,0,0,1,1,1,1,1,0,1,1,0,3
Illinois,IL,2019,0,0,1,1,1,1,1,0,1,1,0,3
Illinois,IL,2020,0,0,1,1,1,1,1,0,1,1,0,3
Indiana,IN,1991,0,0,0,0,0,0,0,0,0,0,0,0
Indiana,IN,1992,0,0,0,0,0,0,0,0,0,0,0,0
Indiana,IN,1993,0,0,0,0,0,0,0,0,0,0,0,0
Indiana,IN,1994,0,0,0,0,0,0,0,0,0,0,0,0
Indiana,IN,1995,0,0,0,0,0,0,0,0,0,0,0,0
Indiana,IN,1996,0,0,0,0,0,0,0,0,0,0,0,0
Indiana,IN,1997,0,0,0,0,0,0,0,0,0,0,0,0
Indiana,IN,1998,0,0,0,0,0,0,0,0,0,0,0,0
Indiana,IN,1999,0,0,0,0,0,0,0,0,0,0,0,0
Indiana,IN,2000,0,0,0,0,0,0,0,0,0,0,0,0
Indiana,IN,2001,0,0,0,0,0,0,0,0,0,0,0,0
Indiana,IN,2002,0,0,0,0,0,0,0,0,0,0,0,0
Indiana,IN,2003,0,0,0,0,0,0,0,0,0,0,0,0
Indiana,IN,2004,0,0,0,0,0,0,0,0,0,0,0,0
Indiana,IN,2005,0,0,0,0,0,0,0,0,0,0,0,0
Indiana,IN,2006,0,0,0,0,0,0,0,0,0,0,0,0
Indiana,IN,2007,0,0,0,0,0,0,0,0,0,0,0,0
Indiana,IN,2008,0,0,0,0,0,0,0,0,0,0,0,0
Indiana,IN,2009,0,0,0,0,0,0,0,0,0,0,0,0
Indiana,IN,2010,0,0,0,0,0,0,1,0,0,0,0,1
Indiana,IN,2011,0,0,0,0,0,0,1,0,0,0,0,1
Indiana,IN,2012,0,0,0,0,0,0,1,0,0,0,0,1
Indiana,IN,2013,0,0,0,0,0,0,1,0,0,0,0,1
Indiana,IN,2014,0,0,1,0,0,0,1,0,0,0,0,2
Indiana,IN,2015,0,0,1,0,0,0,1,0,0,0,0,2
Indiana,IN,2016,0,0,1,0,0,0,1,0,0,0,0,2
Indiana,IN,2017,0,0,1,0,1,0,1,0,0,0,0,2
Indiana,IN,2018,0,0,1,0,1,0,1,0,0,0,0,2
Indiana,IN,2019,0,0,1,0,1,1,1,0,0,0,0,2
Indiana,IN,2020,0,0,1,0,1,1,1,0,0,0,0,2
Iowa,IA,1991,0,0,0,0,0,0,0,0,0,0,0,0
Iowa,IA,1992,0,0,0,0,0,0,0,0,0,0,0,0
Iowa,IA,1993,0,0,0,0,0,0,0,0,0,0,0,0
Iowa,IA,1994,0,0,0,0,0,0,0,0,0,0,0,0
Iowa,IA,1995,0,0,0,0,0,0,0,0,0,0,0,0
Iowa,IA,1996,0,0,0,0,0,0,0,0,0,0,0,0
Iowa,IA,1997,0,0,0,0,0,0,0,0,0,0,0,0
Iowa,IA,1998,0,0,0,0,0,0,0,0,0,0,0,0
Iowa,IA,1999,0,0,0,0,0,0,0,0,0,0,0,0
Iowa,IA,2000,0,0,0,0,0,0,0,0,0,0,0,0
Iowa,IA,2001,0,0,0,0,0,0,0,0,0,0,0,0
Iowa,IA,2002,0,0,0,0,0,1,0,0,0,0,0,0
Iowa,IA,2003,0,0,0,0,0,1,0,0,0,0,0,0
Iowa,IA,2004,0,0,0,0,0,1,0,0,0,0,0,0
Iowa,IA,2005,0,0,0,0,0,1,0,0,0,0,0,0
Iowa,IA,2006,0,0,0,0,0,1,0,0,0,0,0,0
Iowa,IA,2007,0,0,0,0,1,1,0,0,0,1,0,0
Iowa,IA,2008,0,0,0,0,1,1,0,0,0,1,0,0
Iowa,IA,2009,0,0,1,0,1,1,0,0,0,1,0,1
Iowa,IA,2010,0,0,1,0,1,1,0,0,0,1,0,1
Iowa,IA,2011,0,0,1,0,1,1,0,0,0,1,0,1
Iowa,IA,2012,0,0,1,0,1,1,1,0,0,1,0,2
Iowa,IA,2013,0,0,1,0,1,1,1,0,0,1,0,2
Iowa,IA,2014,0,0,1,0,1,1,1,0,0,1,0,2
Iowa,IA,2015,0,0,1,0,1,1,1,0,0,1,0,2
Iowa,IA,2016,0,0,1,0,1,1,1,0,0,1,0,2
Iowa,IA,2017,0,0,1,0,1,1,1,0,0,1,0,2
Iowa,IA,2018,0,0,1,0,1,1,1,0,0,1,0,2
Iowa,IA,2019,0,0,1,0,1,1,1,0,0,1,0,2
Iowa,IA,2020,0,0,1,0,1,1,1,0,0,1,0,2
Kansas,KS,1991,1,0,0,0,0,0,0,0,0,0,0,-1
Kansas,KS,1992,1,0,0,0,0,0,0,0,0,0,0,-1
Kansas,KS,1993,1,0,0,0,0,0,0,0,0,0,0,-1
Kansas,KS,1994,1,0,0,0,0,0,0,0,0,0,0,-1
Kansas,KS,1995,1,0,0,0,0,0,0,0,0,0,0,-1
Kansas,KS,1996,1,0,0,0,0,0,0,0,0,0,0,-1
Kansas,KS,1997,1,0,0,0,0,0,0,0,0,0,0,-1
Kansas,KS,1998,1,0,0,0,0,0,0,0,0,0,0,-1
Kansas,KS,1999,1,0,0,0,0,0,0,0,0,0,0,-1
Kansas,KS,2000,1,0,0,0,0,0,0,0,0,0,0,-1
Kansas,KS,2001,1,0,0,0,0,0,0,0,0,0,0,-1
Kansas,KS,2002,1,0,0,0,0,1,0,0,0,0,0,-1
Kansas,KS,2003,0,0,0,0,0,1,0,0,0,0,0,0
Kansas,KS,2004,0,0,0,0,0,1,0,0,0,0,0,0
Kansas,KS,2005,0,1,0,0,0,1,0,0,0,0,0,0
Kansas,KS,2006,0,1,0,0,0,1,0,0,0,0,0,0
Kansas,KS,2007,0,1,0,0,0,1,0,0,0,0,0,0
Kansas,KS,2008,0,1,0,0,0,1,0,0,0,0,0,0
Kansas,KS,2009,0,1,0,0,0,1,0,0,0,0,0,0
Kansas,KS,2010,0,1,0,0,0,1,0,0,0,0,0,0
Kansas,KS,2011,0,1,0,0,0,1,0,0,0,0,0,0
Kansas,KS,2012,0,1,0,0,0,1,0,0,0,0,0,0
Kansas,KS,2013,0,1,0,0,0,1,0,0,0,0,0,0
Kansas,KS,2014,0,1,0,0,0,1,0,0,0,0,0,0
Kansas,KS,2015,0,0,1,0,0,1,0,0,0,0,0,1
Kansas,KS,2016,0,0,1,0,0,1,0,0,0,0,0,1
Kansas,KS,2017,0,0,1,0,0,1,0,0,0,0,0,1
Kansas,KS,2018,0,0,1,0,0,1,0,1,0,0,0,1
Kansas,KS,2019,0,0,1,0,0,1,0,1,0,0,0,1
Kansas,KS,2020,0,0,1,0,1,1,0,1,0,0,0,1
Kentucky,KY,1991,1,0,0,0,0,0,0,0,0,0,0,-1
Kentucky,KY,1992,0,0,0,0,0,0,0,0,0,0,0,0
Kentucky,KY,1993,0,0,0,0,0,0,0,0,0,0,0,0
Kentucky,KY,1994,0,0,0,0,0,0,0,0,0,0,0,0
Kentucky,KY,1995,0,0,0,0,0,0,0,0,0,0,0,0
Kentucky,KY,1996,0,0,0,0,0,0,0,0,0,0,0,0
Kentucky,KY,1997,0,0,0,0,0,0,0,0,0,0,0,0
Kentucky,KY,1998,0,0,0,0,0,0,0,0,0,0,0,0
Kentucky,KY,1999,0,0,0,0,0,0,0,0,0,0,0,0
Kentucky,KY,2000,0,0,0,0,0,0,0,0,0,0,0,0
Kentucky,KY,2001,0,0,0,0,0,1,0,0,0,0,0,0
Kentucky,KY,2002,0,0,0,0,0,1,0,0,0,0,0,0
Kentucky,KY,2003,0,0,0,0,0,1,0,0,0,0,0,0
Kentucky,KY,2004,0,1,0,0,0,1,0,0,0,0,0,0
Kentucky,KY,2005,0,1,0,0,0,1,0,0,0,0,0,0
Kentucky,KY,2006,0,1,0,0,0,1,0,0,0,0,0,0
Kentucky,KY,2007,0,1,0,0,0,1,0,0,0,0,0,0
Kentucky,KY,2008,0,1,0,0,0,1,0,0,0,0,0,0
Kentucky,KY,2009,0,1,0,0,0,1,0,0,0,0,0,0
Kentucky,KY,2010,0,1,0,0,0,1,0,0,0,0,0,0
Kentucky,KY,2011,0,1,0,0,0,1,0,0,0,0,0,0
Kentucky,KY,2012,0,1,0,0,0,1,0,0,0,0,0,0
Kentucky,KY,2013,0,1,0,0,0,1,0,0,0,0,0,0
Kentucky,KY,2014,0,1,0,0,0,1,0,0,0,0,0,0
Kentucky,KY,2015,0,0,1,0,0,1,0,0,0,0,0,1
Kentucky,KY,2016,0,0,1,0,0,1,0,0,0,0,0,1
Kentucky,KY,2017,0,0,1,0,0,1,0,0,0,0,0,1
Kentucky,KY,2018,0,0,1,0,0,1,0,0,0,0,0,1
Kentucky,KY,2019,0,0,1,0,0,1,0,0,0,0,0,1
Kentucky,KY,2020,0,0,1,0,1,1,1,0,0,0,0,2
Louisiana,LA,1991,0,0,0,0,0,0,0,0,0,0,0,0
Louisiana,LA,1992,0,0,0,0,0,0,0,0,0,0,0,0
Louisiana,LA,1993,0,0,0,0,0,0,0,0,0,0,0,0
Louisiana,LA,1994,0,0,0,0,0,0,0,0,0,0,0,0
Louisiana,LA,1995,0,0,0,0,0,0,0,0,0,0,0,0
Louisiana,LA,1996,0,0,0,0,0,0,0,0,0,0,0,0
Louisiana,LA,1997,0,0,0,0,0,0,0,0,0,0,0,0
Louisiana,LA,1998,0,0,0,0,0,0,0,0,0,0,0,0
Louisiana,LA,1999,0,0,0,0,0,0,0,0,0,0,0,0
Louisiana,LA,2000,0,0,0,0,0,0,0,0,0,0,0,0
Louisiana,LA,2001,0,0,0,0,0,0,0,0,0,0,0,0
Louisiana,LA,2002,0,0,0,0,0,1,0,0,0,0,0,0
Louisiana,LA,2003,0,0,0,0,0,1,0,0,0,0,0,0
Louisiana,LA,2004,0,1,0,0,0,1,0,0,0,0,0,0
Louisiana,LA,2005,0,1,0,0,0,1,0,0,0,0,0,0
Louisiana,LA,2006,0,1,0,0,0,1,0,0,0,0,0,0
Louisiana,LA,2007,0,1,0,0,0,1,0,0,0,0,0,0
Louisiana,LA,2008,0,1,0,0,0,1,0,0,0,0,0,0
Louisiana,LA,2009,0,1,0,0,0,1,0,0,0,0,0,0
Louisiana,LA,2010,0,1,0,0,0,1,0,0,0,0,0,0
Louisiana,LA,2011,0,1,0,0,0,1,0,0,0,0,0,0
Louisiana,LA,2012,0,1,0,0,0,1,0,0,0,0,0,0
Louisiana,LA,2013,0,1,0,0,0,1,0,0,0,0,0,0
Louisiana,LA,2014,0,1,0,0,0,1,0,0,0,0,0,0
Louisiana,LA,2015,0,0,1,0,0,1,0,0,0,0,0,1
Louisiana,LA,2016,0,0,1,0,0,1,0,0,0,0,0,1
Louisiana,LA,2017,0,0,1,0,0,1,0,0,0,0,0,1
Louisiana,LA,2018,0,0,1,0,0,1,0,0,0,0,0,1
Louisiana,LA,2019,0,0,1,0,0,1,0,0,0,0,0,1
Louisiana,LA,2020,0,0,1,0,1,1,0,0,0,0,0,1
Maine,ME,1991,0,0,0,0,0,0,0,0,0,0,0,0
Maine,ME,1992,0,0,0,0,0,0,0,0,0,0,0,0
Maine,ME,1993,0,0,0,0,0,0,0,0,0,0,0,0
Maine,ME,1994,0,0,0,0,0,0,0,0,0,0,0,0
Maine,ME,1995,0,0,0,0,0,0,0,0,0,0,0,0
Maine,ME,1996,0,0,0,0,0,0,0,0,0,0,0,0
Maine,ME,1997,0,0,0,0,0,0,0,0,0,0,0,0
Maine,ME,1998,0,0,0,0,0,0,0,0,0,0,0,0
Maine,ME,1999,0,0,0,0,0,0,0,0,0,0,0,0
Maine,ME,2000,0,0,0,0,0,0,0,0,0,0,0,0
Maine,ME,2001,0,0,0,0,0,1,0,0,0,0,0,0
Maine,ME,2002,0,0,0,0,0,1,0,0,0,0,0,0
Maine,ME,2003,0,0,0,0,0,1,0,0,0,0,0,0
Maine,ME,2004,0,0,0,0,0,1,0,0,0,0,0,0
Maine,ME,2005,0,0,0,0,1,1,1,0,0,1,0,1
Maine,ME,2006,0,0,0,0,1,1,1,0,0,1,0,1
Maine,ME,2007,0,0,0,0,1,1,1,0,0,1,0,1
Maine,ME,2008,0,0,0,0,1,1,1,0,0,1,0,1
Maine,ME,2009,0,0,0,0,1,1,1,0,0,1,0,1
Maine,ME,2010,0,0,0,0,1,1,1,0,0,1,0,1
Maine,ME,2011,0,0,0,0,1,1,1,0,0,1,0,1
Maine,ME,2012,0,0,1,0,1,1,1,0,0,1,0,2
Maine,ME,2013,0,0,1,0,1,1,1,0,0,1,0,2
Maine,ME,2014,0,0,1,0,1,1,1,0,0,1,0,2
Maine,ME,2015,0,0,1,0,1,1,1,0,0,1,0,2
Maine,ME,2016,0,0,1,0,1,1,1,0,0,1,0,2
Maine,ME,2017,0,0,1,0,1,1,1,0,0,1,0,2
Maine,ME,2018,0,0,1,0,1,1,1,0,0,1,0,2
Maine,ME,2019,0,0,1,0,1,1,1,0,1,1,0,2
Maine,ME,2020,0,0,1,0,1,1,1,0,1,1,0,2
Maryland,MD,1991,1,0,0,0,0,0,0,0,0,0,0,-1
Maryland,MD,1992,1,0,0,0,0,0,0,0,0,0,0,-1
Maryland,MD,1993,1,0,0,0,0,0,0,0,0,0,0,-1
Maryland,MD,1994,1,0,0,0,0,0,0,0,0,0,0,-1
Maryland,MD,1995,1,0,0,0,0,0,0,0,0,0,0,-1
Maryland,MD,1996,1,0,0,0,0,0,0,0,0,0,0,-1
Maryland,MD,1997,1,0,0,0,0,0,0,0,0,0,0,-1
Maryland,MD,1998,1,0,0,0,0,0,0,0,0,0,0,-1
Maryland,MD,1999,0,0,0,0,0,0,0,0,0,0,0,0
Maryland,MD,2000,0,0,0,0,0,0,0,0,0,0,0,0
Maryland,MD,2001,0,0,0,0,1,0,1,0,0,1,0,1
Maryland,MD,2002,0,0,0,0,1,0,1,0,0,1,0,1
Maryland,MD,2003,0,0,0,0,1,0,1,0,0,1,0,1
Maryland,MD,2004,0,0,0,0,1,0,1,0,0,1,0,1
Maryland,MD,2005,0,0,0,0,1,1,1,0,0,1,0,1
Maryland,MD,2006,0,0,0,0,1,1,1,0,0,1,0,1
Maryland,MD,2007,0,0,0,0,1,1,1,0,0,1,0,1
Maryland,MD,2008,0,0,0,0,1,1,1,0,0,1,0,1
Maryland,MD,2009,0,0,0,0,1,1,1,0,0,1,0,1
Maryland,MD,2010,0,0,0,0,1,1,1,0,0,1,0,1
Maryland,MD,2011,0,0,0,0,1,1,1,0,0,1,0,1
Maryland,MD,2012,0,0,1,0,1,1,1,0,0,1,0,2
Maryland,MD,2013,0,0,1,0,1,1,1,0,0,1,0,2
Maryland,MD,2014,0,0,1,0,1,1,1,0,0,1,0,2
Maryland,MD,2015,0,0,1,0,1,1,1,0,0,1,0,2
Maryland,MD,2016,0,0,1,0,1,1,1,0,0,1,0,2
Maryland,MD,2017,0,0,1,0,1,1,1,0,0,1,0,2
Maryland,MD,2018,0,0,1,0,1,1,1,0,0,1,0,2
Maryland,MD,2019,0,0,1,0,1,1,1,0,1,1,0,2
Maryland,MD,2020,0,0,1,0,1,1,1,0,1,1,0,2
Massachusetts,MA,1991,0,0,0,0,1,0,0,0,0,0,0,0
Massachusetts,MA,1992,0,0,0,0,1,0,0,0,0,0,0,0
Massachusetts,MA,1993,0,0,0,0,1,0,0,0,0,0,0,0
Massachusetts,MA,1994,0,0,0,0,1,0,0,0,0,0,0,0
Massachusetts,MA,1995,0,0,0,0,1,0,0,0,0,0,0,0
Massachusetts,MA,1996,0,0,0,0,1,0,0,0,0,0,0,0
Massachusetts,MA,1997,0,0,0,0,1,0,0,0,0,0,0,0
Massachusetts,MA,1998,0,0,0,0,1,0,0,0,0,0,0,0
Massachusetts,MA,1999,0,0,0,0,1,0,0,0,0,0,0,0
Massachusetts,MA,2000,0,0,0,0,1,0,1,0,0,0,0,1
Massachusetts,MA,2001,0,0,0,0,1,0,1,0,0,0,0,1
Massachusetts,MA,2002,0,0,0,0,1,1,1,0,0,0,0,1
Massachusetts,MA,2003,0,0,0,0,1,1,1,0,0,0,0,1
Massachusetts,MA,2004,0,0,1,0,1,1,1,0,0,0,0,2
Massachusetts,MA,2005,0,0,1,0,1,1,1,0,0,0,0,2
Massachusetts,MA,2006,0,0,1,0,1,1,1,0,0,0,0,2
Massachusetts,MA,2007,0,0,1,0,1,1,1,0,0,0,0,2
Massachusetts,MA,2008,0,0,1,0,1,1,1,0,0,0,0,2
Massachusetts,MA,2009,0,0,1,0,1,1,1,0,0,0,0,2
Massachusetts,MA,2010,0,0,1,0,1,1,1,0,0,0,0,2
Massachusetts,MA,2011,0,0,1,0,1,1,1,0,0,1,0,2
Massachusetts,MA,2012,0,0,1,0,1,1,1,0,0,1,0,2
Massachusetts,MA,2013,0,0,1,0,1,1,1,0,0,1,0,2
Massachusetts,MA,2014,0,0,1,0,1,1,1,0,0,1,0,2
Massachusetts,MA,2015,0,0,1,0,1,1,1,0,0,1,0,2
Massachusetts,MA,2016,0,0,1,0,1,1,1,0,0,1,0,2
Massachusetts,MA,2017,0,0,1,0,1,1,1,0,0,1,0,2
Massachusetts,MA,2018,0,0,1,0,1,1,1,0,0,1,0,2
Massachusetts,MA,2019,0,0,1,0,1,1,1,0,0,1,0,2
Massachusetts,MA,2020,0,0,1,0,1,1,1,0,0,1,0,2
Michigan,MI,1991,1,0,0,0,0,0,0,0,0,0,0,-1
Michigan,MI,1992,1,0,0,0,0,0,0,0,0,0,0,-1
Michigan,MI,1993,1,0,0,0,0,0,0,0,0,0,0,-1
Michigan,MI,1994,1,0,0,0,0,0,0,0,0,0,0,-1
Michigan,MI,1995,1,0,0,0,0,0,0,0,0,0,0,-1
Michigan,MI,1996,1,0,0,0,0,0,0,0,0,0,0,-1
Michigan,MI,1997,1,0,0,0,0,0,0,0,0,0,0,-1
Michigan,MI,1998,1,0,0,0,0,0,0,0,0,0,0,-1
Michigan,MI,1999,1,0,0,0,0,0,0,0,0,0,0,-1
Michigan,MI,2000,1,0,0,0,0,0,0,0,0,0,0,-1
Michigan,MI,2001,1,0,0,0,0,0,0,0,0,0,0,-1
Michigan,MI,2002,1,0,0,0,0,0,0,0,0,0,0,-1
Michigan,MI,2003,0,0,0,0,0,0,0,0,0,0,0,0
Michigan,MI,2004,0,1,0,0,0,0,0,0,0,0,0,0
Michigan,MI,2005,0,1,0,0,0,0,0,0,0,0,0,0
Michigan,MI,2006,0,1,0,0,0,0,0,0,0,0,0,0
Michigan,MI,2007,0,1,0,0,0,0,0,0,0,0,0,0
Michigan,MI,2008,0,1,0,0,0,0,0,0,0,0,0,0
Michigan,MI,2009,0,1,0,0,0,0,1,0,0,0,0,1
Michigan,MI,2010,0,1,0,0,0,0,1,0,0,0,0,1
Michigan,MI,2011,0,1,0,0,0,0,1,0,0,0,0,1
Michigan,MI,2012,0,1,0,0,0,0,1,0,0,0,0,1
Michigan,MI,2013,0,1,0,0,0,0,1,0,0,0,0,1
Michigan,MI,2014,0,1,0,0,0,0,1,0,0,0,0,1
Michigan,MI,2015,0,0,1,0,0,0,1,1,0,0,0,2
Michigan,MI,2016,0,0,1,0,0,0,1,1,0,0,0,2
Michigan,MI,2017,0,0,1,0,0,0,1,1,0,0,0,2
Michigan,MI,2018,0,0,1,0,1,0,1,1,0,1,0,2
Michigan,MI,2019,0,0,1,0,1,0,1,1,0,1,0,2
Michigan,MI,2020,0,0,1,0,1,0,1,1,0,1,0,2
Minnesota,MN,1991,1,0,0,0,0,0,0,0,0,0,0,-1
Minnesota,MN,1992,1,0,0,0,0,0,0,0,0,0,0,-1
Minnesota,MN,1993,1,0,0,0,1,1,0,0,0,1,0,-1
Minnesota,MN,1994,1,0,0,0,1,1,0,0,0,1,0,-1
Minnesota,MN,1995,1,0,0,0,1,1,0,0,0,1,0,-1
Minnesota,MN,1996,1,0,0,0,1,1,0,0,0,1,0,-1
Minnesota,MN,1997,1,0,0,0,1,1,0,0,0,1,0,-1
Minnesota,MN,1998,1,0,0,0,1,1,0,0,0,1,0,-1
Minnesota,MN,1999,1,0,0,0,1,1,0,0,0,1,0,-1
Minnesota,MN,2000,1,0,0,0,1,1,0,0,0,1,0,-1
Minnesota,MN,2001,0,0,0,0,1,1,0,0,0,1,0,0
Minnesota,MN,2002,0,0,0,0,1,1,0,0,0,1,0,0
Minnesota,MN,2003,0,0,0,0,1,1,0,0,0,1,0,0
Minnesota,MN,2004,0,0,0,0,1,1,0,0,0,1,0,0
Minnesota,MN,2005,0,0,0,0,1,1,0,0,0,1,0,0
Minnesota,MN,2006,0,0,0,0,1,1,0,0,0,1,0,0
Minnesota,MN,2007,0,0,0,0,1,1,0,0,0,1,0,0
Minnesota,MN,2008,0,0,0,0,1,1,1,0,0,1,0,1
Minnesota,MN,2009,0,0,0,0,1,1,1,0,0,1,0,1
Minnesota,MN,2010,0,0,0,0,1,1,1,0,0,1,0,1
Minnesota,MN,2011,0,0,0,0,1,1,1,0,0,1,0,1
Minnesota,MN,2012,0,0,0,0,1,1,1,0,0,1,0,1
Minnesota,MN,2013,0,0,1,0,1,1,1,0,0,1,0,2
Minnesota,MN,2014,0,0,1,0,1,1,1,0,0,1,0,2
Minnesota,MN,2015,0,0,1,0,1,1,1,0,0,1,0,2
Minnesota,MN,2016,0,0,1,0,1,1,1,0,0,1,0,2
Minnesota,MN,2017,0,0,1,0,1,1,1,0,0,1,0,2
Minnesota,MN,2018,0,0,1,0,1,1,1,0,0,1,0,2
Minnesota,MN,2019,0,0,1,0,1,1,1,0,0,1,0,2
Minnesota,MN,2020,0,0,1,0,1,1,1,0,0,1,0,2
Mississippi,MS,1991,0,0,0,0,0,0,0,0,0,0,0,0
Mississippi,MS,1992,,0,0,0,0,0,0,0,0,0,0,0
Mississippi,MS,1993,,0,0,0,0,0,0,0,0,0,0,0
Mississippi,MS,1994,,0,0,0,0,0,0,0,0,0,0,0
Mississippi,MS,1995,,0,0,0,0,0,0,0,0,0,0,0
Mississippi,MS,1996,,0,0,0,0,0,0,0,0,0,0,0
Mississippi,MS,1997,,0,0,0,0,0,0,0,0,0,0,0
Mississippi,MS,1998,,0,0,0,0,0,0,0,0,0,0,0
Mississippi,MS,1999,,0,0,0,0,0,0,0,0,0,0,0
Mississippi,MS,2000,,0,0,0,0,0,0,0,0,0,0,0
Mississippi,MS,2001,,0,0,0,0,0,0,0,0,0,0,0
Mississippi,MS,2002,,0,0,0,0,0,0,0,0,0,0,0
Mississippi,MS,2003,,0,0,0,0,0,0,0,0,0,0,0
Mississippi,MS,2004,,1,0,0,0,0,0,0,0,0,0,0
Mississippi,MS,2005,,1,0,0,0,0,0,0,0,0,0,0
Mississippi,MS,2006,,1,0,0,0,0,0,0,0,0,0,0
Mississippi,MS,2007,,1,0,0,0,0,0,0,0,0,0,0
Mississippi,MS,2008,,1,0,0,0,0,0,0,0,0,0,0
Mississippi,MS,2009,,1,0,0,0,0,0,0,0,0,0,0
Mississippi,MS,2010,,1,0,0,0,0,0,0,0,0,0,0
Mississippi,MS,2011,,1,0,0,0,0,0,0,0,0,0,0
Mississippi,MS,2012,,1,0,0,0,0,0,0,0,0,0,0
Mississippi,MS,2013,,1,0,0,0,0,0,0,0,0,0,0
Mississippi,MS,2014,,1,0,0,0,0,0,0,0,0,0,0
Mississippi,MS,2015,,0,1,0,0,0,0,0,0,0,0,1
Mississippi,MS,2016,,0,1,0,0,0,0,1,0,0,0,1
Mississippi,MS,2017,,0,1,0,0,0,0,1,0,0,0,1
Mississippi,MS,2018,,0,1,0,0,0,0,1,0,0,0,1
Mississippi,MS,2019,,0,1,0,0,0,0,1,0,0,0,1
Mississippi,MS,2020,,0,1,0,1,0,0,1,0,0,0,1
Missouri,MO,1991,1,0,0,0,0,0,0,0,0,0,0,-1
Missouri,MO,1992,1,0,0,0,0,0,0,0,0,0,0,-1
Missouri,MO,1993,1,0,0,0,0,0,0,0,0,0,0,-1
Missouri,MO,1994,1,0,0,0,0,0,0,0,0,0,0,-1
Missouri,MO,1995,1,0,0,0,0,0,0,0,0,0,0,-1
Missouri,MO,1996,1,0,0,0,0,0,0,0,0,0,0,-1
Missouri,MO,1997,1,0,0,0,0,0,0,0,0,0,0,-1
Missouri,MO,1998,1,0,0,0,0,0,0,0,0,0,0,-1
Missouri,MO,1999,1,0,0,0,0,1,0,0,0,0,0,-1
Missouri,MO,2000,1,0,0,0,0,1,0,0,0,0,0,-1
Missouri,MO,2001,1,0,0,0,0,1,0,0,0,0,0,-1
Missouri,MO,2002,1,0,0,0,0,1,0,0,0,0,0,-1
Missouri,MO,2003,,0,0,0,0,1,0,0,0,0,0,0
Missouri,MO,2004,,1,0,0,0,1,0,0,0,0,0,0
Missouri,MO,2005,,1,0,0,0,1,0,0,0,0,0,0
Missouri,MO,2006,,1,0,0,0,1,1,0,0,0,0,1
Missouri,MO,2007,,1,0,0,0,1,1,0,0,0,0,1
Missouri,MO,2008,,1,0,0,0,1,1,0,0,0,0,1
Missouri,MO,2009,,1,0,0,0,1,1,0,0,0,0,1
Missouri,MO,2010,,1,0,0,0,1,1,0,0,0,0,1
Missouri,MO,2011,,1,0,0,0,1,1,0,0,0,0,1
Missouri,MO,2012,,1,0,0,0,1,1,0,0,0,0,1
Missouri,MO,2013,,1,0,0,0,1,1,0,0,0,0,1
Missouri,MO,2014,,1,0,0,0,1,1,0,0,0,0,1
Missouri,MO,2015,,0,1,0,0,1,1,0,0,0,0,2
Missouri,MO,2016,,0,1,0,0,1,1,0,0,0,0,2
Missouri,MO,2017,,0,1,0,0,1,1,0,0,0,0,2
Missouri,MO,2018,,0,1,0,0,1,1,0,0,0,0,2
Missouri,MO,2019,,0,1,0,0,1,1,0,0,0,0,2
Missouri,MO,2020,,0,1,0,1,1,1,0,0,0,0,2
Montana,MT,1991,1,0,0,0,0,0,0,0,0,0,0,-1
Montana,MT,1992,1,0,0,0,0,0,0,0,0,0,0,-1
Montana,MT,1993,1,0,0,0,0,0,0,0,0,0,0,-1
Montana,MT,1994,1,0,0,0,0,0,0,0,0,0,0,-1
Montana,MT,1995,1,0,0,0,0,0,0,0,0,0,0,-1
Montana,MT,1996,1,0,0,0,0,0,0,0,0,0,0,-1
Montana,MT,1997,,0,0,0,0,0,0,0,0,0,0,0
Montana,MT,1998,,0,0,0,0,0,0,0,0,0,0,0
Montana,MT,1999,,0,0,0,0,0,0,0,0,0,0,0
Montana,MT,2000,,0,0,0,0,0,0,0,0,0,0,0
Montana,MT,2001,,0,0,0,0,0,0,0,0,0,0,0
Montana,MT,2002,,0,0,0,0,0,0,0,0,0,0,0
Montana,MT,2003,,0,0,0,0,0,0,0,0,0,0,0
Montana,MT,2004,,1,0,0,0,0,0,0,0,0,0,0
Montana,MT,2005,,1,0,0,0,0,0,0,0,0,0,0
Montana,MT,2006,,1,0,0,0,0,0,0,0,0,0,0
Montana,MT,2007,,1,0,0,0,0,0,0,0,0,0,0
Montana,MT,2008,,1,0,0,0,0,0,0,0,0,0,0
Montana,MT,2009,,1,0,0,0,0,0,0,0,0,0,0
Montana,MT,2010,,1,0,0,0,0,1,0,0,0,0,1
Montana,MT,2011,,1,0,0,0,0,1,0,0,0,0,1
Montana,MT,2012,,1,0,0,0,0,1,0,0,0,0,1
Montana,MT,2013,,1,0,0,0,0,1,0,0,0,0,1
Montana,MT,2014,,1,1,0,0,0,1,0,0,0,0,2
Montana,MT,2015,,0,1,0,0,0,1,0,0,0,0,2
Montana,MT,2016,,0,1,0,0,0,1,0,0,0,0,2
Montana,MT,2017,,0,1,0,0,0,1,0,0,0,0,2
Montana,MT,2018,,0,1,0,0,0,1,0,0,0,0,2
Montana,MT,2019,,0,1,0,0,0,1,0,0,0,0,2
Montana,MT,2020,,0,1,0,1,0,1,0,0,0,0,2
Nebraska,NE,1991,,0,0,0,0,0,0,0,0,0,0,0
Nebraska,NE,1992,,0,0,0,0,0,0,0,0,0,0,0
Nebraska,NE,1993,,0,0,0,0,0,0,0,0,0,0,0
Nebraska,NE,1994,,0,0,0,0,0,0,0,0,0,0,0
Nebraska,NE,1995,,0,0,0,0,0,0,0,0,0,0,0
Nebraska,NE,1996,,0,0,0,0,0,0,0,0,0,0,0
Nebraska,NE,1997,,0,0,0,0,0,0,0,0,0,0,0
Nebraska,NE,1998,,0,0,0,0,0,0,0,0,0,0,0
Nebraska,NE,1999,,0,0,0,0,0,0,0,0,0,0,0
Nebraska,NE,2000,,1,0,0,0,0,0,0,0,0,0,0
Nebraska,NE,2001,,1,0,0,0,0,0,0,0,0,0,0
Nebraska,NE,2002,,1,0,0,0,1,0,0,0,0,0,0
Nebraska,NE,2003,,1,0,0,0,1,0,0,0,0,0,0
Nebraska,NE,2004,,1,0,0,0,1,0,0,0,0,0,0
Nebraska,NE,2005,,1,0,0,0,1,0,0,0,0,0,0
Nebraska,NE,2006,,1,0,0,0,1,0,0,0,0,0,0
Nebraska,NE,2007,,1,0,0,0,1,0,0,0,0,0,0
Nebraska,NE,2008,,1,0,0,0,1,0,0,0,0,0,0
Nebraska,NE,2009,,1,0,0,0,1,0,0,0,0,0,0
Nebraska,NE,2010,,1,0,0,0,1,0,0,0,0,0,0
Nebraska,NE,2011,,1,0,0,0,1,0,0,0,0,0,0
Nebraska,NE,2012,,1,0,0,0,1,0,0,0,0,0,0
Nebraska,NE,2013,,1,0,0,0,1,0,0,0,0,0,0
Nebraska,NE,2014,,1,0,0,0,1,0,0,0,0,0,0
Nebraska,NE,2015,,0,1,0,0,1,0,0,0,0,0,1
Nebraska,NE,2016,,0,1,0,0,1,0,0,0,0,0,1
Nebraska,NE,2017,,0,1,0,0,1,0,0,0,0,0,1
Nebraska,NE,2018,,0,1,0,0,1,0,0,0,0,0,1
Nebraska,NE,2019,,0,1,0,0,1,0,0,0,0,0,1
Nebraska,NE,2020,,0,1,0,1,1,0,0,0,1,0,1
Nevada,NV,1991,1,0,0,0,0,0,0,0,0,0,0,-1
Nevada,NV,1992,1,0,0,0,0,0,0,0,0,0,0,-1
Nevada,NV,1993,,0,0,0,0,0,0,0,0,0,0,0
Nevada,NV,1994,,0,0,0,0,0,0,0,0,0,0,0
Nevada,NV,1995,,0,0,0,0,0,0,0,0,0,0,0
Nevada,NV,1996,,0,0,0,0,0,0,0,0,0,0,0
Nevada,NV,1997,,0,0,0,0,0,0,0,0,0,0,0
Nevada,NV,1998,,0,0,0,0,0,0,0,0,0,0,0
Nevada,NV,1999,,0,0,0,1,0,0,0,0,0,0,0
Nevada,NV,2000,,1,0,0,1,0,0,0,0,0,0,0
Nevada,NV,2001,,1,0,0,1,1,0,0,0,0,0,0
Nevada,NV,2002,,1,0,0,1,1,1,0,0,0,0,1
Nevada,NV,2003,,1,0,0,1,1,1,0,0,0,0,1
Nevada,NV,2004,,1,0,0,1,1,1,0,0,0,0,1
Nevada,NV,2005,,1,0,0,1,1,1,0,0,0,0,1
Nevada,NV,2006,,1,0,0,1,1,1,0,0,0,0,1
Nevada,NV,2007,,1,0,0,1,1,1,0,0,0,0,1
Nevada,NV,2008,,1,0,0,1,1,1,0,0,0,0,1
Nevada,NV,2009,,1,0,1,1,1,1,0,0,0,0,2
Nevada,NV,2010,,1,0,1,1,1,1,0,0,0,0,2
Nevada,NV,2011,,1,0,1,1,1,1,0,0,1,0,2
Nevada,NV,2012,,1,0,1,1,1,1,0,0,1,0,2
Nevada,NV,2013,,1,0,1,1,1,1,0,0,1,0,2
Nevada,NV,2014,,0,1,1,1,1,1,0,0,1,0,3
Nevada,NV,2015,,0,1,1,1,1,1,0,0,1,0,3
Nevada,NV,2016,,0,1,1,1,1,1,0,0,1,0,3
Nevada,NV,2017,,0,1,1,1,1,1,0,1,1,0,3
Nevada,NV,2018,,0,1,1,1,1,1,0,1,1,0,3
Nevada,NV,2019,,0,1,1,1,1,1,0,1,1,0,3
Nevada,NV,2020,,0,1,1,1,1,1,0,1,1,0,3
New Hampshire,NH,1991,,0,0,0,0,0,0,0,0,0,0,0
New Hampshire,NH,1992,,0,0,0,0,0,0,0,0,0,0,0
New Hampshire,NH,1993,,0,0,0,0,0,0,0,0,0,0,0
New Hampshire,NH,1994,,0,0,0,0,0,0,0,0,0,0,0
New Hampshire,NH,1995,,0,0,0,0,0,0,0,0,0,0,0
New Hampshire,NH,1996,,0,0,0,0,0,0,0,0,0,0,0
New Hampshire,NH,1997,,0,0,0,0,0,0,0,0,1,0,0
New Hampshire,NH,1998,,0,0,0,1,0,0,0,0,1,0,0
New Hampshire,NH,1999,,0,0,0,1,0,0,0,0,1,0,0
New Hampshire,NH,2000,,0,0,0,1,0,0,0,0,1,0,0
New Hampshire,NH,2001,,0,0,0,1,0,0,0,0,1,0,0
New Hampshire,NH,2002,,0,0,0,1,1,0,0,0,1,0,0
New Hampshire,NH,2003,,0,0,0,1,1,0,0,0,1,0,0
New Hampshire,NH,2004,,0,0,0,1,1,0,0,0,1,0,0
New Hampshire,NH,2005,,0,0,0,1,1,0,0,0,1,0,0
New Hampshire,NH,2006,,0,0,0,1,1,0,0,0,1,0,0
New Hampshire,NH,2007,,0,0,0,1,1,0,0,0,1,0,0
New Hampshire,NH,2008,,0,0,0,1,1,0,0,0,1,0,0
New Hampshire,NH,2009,,0,0,0,1,1,0,0,0,1,0,0
New Hampshire,NH,2010,,0,1,0,1,1,0,0,0,1,0,1
New Hampshire,NH,2011,,0,1,0,1,1,0,0,0,1,0,1
New Hampshire,NH,2012,,0,1,0,1,1,0,0,0,1,0,1
New Hampshire,NH,2013,,0,1,0,1,1,0,0,0,1,0,1
New Hampshire,NH,2014,,0,1,0,1,1,0,0,0,1,0,1
New Hampshire,NH,2015,,0,1,0,1,1,0,0,0,1,0,1
New Hampshire,NH,2016,,0,1,0,1,1,0,0,0,1,0,1
New Hampshire,NH,2017,,0,1,0,1,1,1,0,0,1,0,2
New Hampshire,NH,2018,,0,1,0,1,1,1,0,1,1,0,2
New Hampshire,NH,2019,,0,1,0,1,1,1,0,1,1,0,2
New Hampshire,NH,2020,,0,1,0,1,1,1,0,1,1,0,2
New Jersey,NJ,1991,,0,0,0,0,0,0,0,0,0,0,0
New Jersey,NJ,1992,,0,0,0,1,0,0,0,0,1,0,0
New Jersey,NJ,1993,,0,0,0,1,0,0,0,0,1,0,0
New Jersey,NJ,1994,,0,0,0,1,0,0,0,0,1,0,0
New Jersey,NJ,1995,,0,0,0,1,0,0,0,0,1,0,0
New Jersey,NJ,1996,,0,0,0,1,0,0,0,0,1,0,0
New Jersey,NJ,1997,,0,0,0,1,0,0,0,0,1,0,0
New Jersey,NJ,1998,,0,0,0,1,0,0,0,0,1,0,0
New Jersey,NJ,1999,,0,0,0,1,0,0,0,0,1,0,0
New Jersey,NJ,2000,,0,0,0,1,0,0,0,0,1,0,0
New Jersey,NJ,2001,,0,0,0,1,0,0,0,0,1,0,0
New Jersey,NJ,2002,,0,0,0,1,1,0,0,0,1,0,0
New Jersey,NJ,2003,,0,0,0,1,1,0,0,0,1,0,0
New Jersey,NJ,2004,,0,0,0,1,1,0,0,0,1,0,0
New Jersey,NJ,2005,,0,0,0,1,1,0,0,0,1,0,0
New Jersey,NJ,2006,,0,0,0,1,1,0,0,0,1,0,0
New Jersey,NJ,2007,,0,0,1,1,1,0,0,0,1,0,1
New Jersey,NJ,2008,,0,0,1,1,1,0,0,0,1,0,1
New Jersey,NJ,2009,,0,0,1,1,1,0,0,0,1,0,1
New Jersey,NJ,2010,,0,0,1,1,1,0,0,0,1,0,1
New Jersey,NJ,2011,,0,0,1,1,1,1,0,0,1,0,2
New Jersey,NJ,2012,,0,0,1,1,1,1,0,0,1,0,2
New Jersey,NJ,2013,,0,1,1,1,1,1,0,1,1,0,3
New Jersey,NJ,2014,,0,1,1,1,1,1,0,1,1,0,3
New Jersey,NJ,2015,,0,1,1,1,1,1,0,1,1,0,3
New Jersey,NJ,2016,,0,1,1,1,1,1,0,1,1,0,3
New Jersey,NJ,2017,,0,1,1,1,1,1,0,1,1,0,3
New Jersey,NJ,2018,,0,1,1,1,1,1,0,1,1,0,3
New Jersey,NJ,2019,,0,1,1,1,1,1,0,1,1,0,3
New Jersey,NJ,2020,,0,1,1,1,1,1,0,1,1,0,3
New Mexico,NM,1991,,0,0,0,0,0,0,0,0,0,0,0
New Mexico,NM,1992,,0,0,0,0,0,0,0,0,0,0,0
New Mexico,NM,1993,,0,0,0,0,0,0,0,0,0,0,0
New Mexico,NM,1994,,0,0,0,0,0,0,0,0,0,0,0
New Mexico,NM,1995,,0,0,0,0,0,0,0,0,0,0,0
New Mexico,NM,1996,,0,0,0,0,0,0,0,0,0,0,0
New Mexico,NM,1997,,0,0,0,0,0,0,0,0,0,0,0
New Mexico,NM,1998,,0,0,0,0,0,0,0,0,0,0,0
New Mexico,NM,1999,,0,0,0,0,0,0,0,0,0,0,0
New Mexico,NM,2000,,0,0,0,0,0,0,0,0,0,0,0
New Mexico,NM,2001,,0,0,0,0,0,0,0,0,0,0,0
New Mexico,NM,2002,,0,0,0,0,0,0,0,0,0,0,0
New Mexico,NM,2003,,0,0,0,1,1,0,0,0,1,0,0
New Mexico,NM,2004,,0,0,0,1,1,0,0,0,1,0,0
New Mexico,NM,2005,,0,0,0,1,1,0,0,0,1,0,0
New Mexico,NM,2006,,0,0,0,1,1,0,0,0,1,0,0
New Mexico,NM,2007,,0,0,0,1,1,0,0,0,1,0,0
New Mexico,NM,2008,,0,0,0,1,1,0,0,0,1,0,0
New Mexico,NM,2009,,0,0,0,1,1,1,0,0,1,0,1
New Mexico,NM,2010,,0,0,0,1,1,1,0,0,1,0,1
New Mexico,NM,2011,,0,0,0,1,1,1,0,0,1,0,1
New Mexico,NM,2012,,0,0,0,1,1,1,0,0,1,0,1
New Mexico,NM,2013,,0,1,0,1,1,1,0,0,1,0,2
New Mexico,NM,2014,,0,1,0,1,1,1,0,0,1,0,2
New Mexico,NM,2015,,0,1,0,1,1,1,0,0,1,0,2
New Mexico,NM,2016,,0,1,0,1,1,1,0,0,1,0,2
New Mexico,NM,2017,,0,1,0,1,1,1,0,1,1,0,2
New Mexico,NM,2018,,0,1,0,1,1,1,0,1,1,0,2
New Mexico,NM,2019,,0,1,0,1,1,1,0,1,1,0,2
New Mexico,NM,2020,,0,1,0,1,1,1,0,1,1,0,2
New York,NY,1991,,0,0,0,0,0,0,0,0,0,0,0
New York,NY,1992,,0,0,0,0,0,0,0,0,0,0,0
New York,NY,1993,,0,0,0,0,0,0,0,0,0,0,0
New York,NY,1994,,0,0,0,0,0,0,0,0,0,0,0
New York,NY,1995,,0,0,0,0,0,0,0,0,0,0,0
New York,NY,1996,,0,0,0,0,0,0,0,0,0,0,0
New York,NY,1997,,0,0,0,0,0,0,0,0,0,0,0
New York,NY,1998,,0,0,0,0,0,0,0,0,0,0,0
New York,NY,1999,,0,0,0,0,0,0,0,0,0,0,0
New York,NY,2000,,0,0,0,0,0,0,0,0,0,0,0
New York,NY,2001,,0,0,0,0,0,0,0,0,0,0,0
New York,NY,2002,,0,0,0,1,1,0,0,0,1,0,0
New York,NY,2003,,0,0,0,1,1,0,0,0,1,0,0
New York,NY,2004,,0,0,0,1,1,0,0,0,1,0,0
New York,NY,2005,,0,0,0,1,1,0,0,0,1,0,0
New York,NY,2006,,0,0,0,1,1,0,0,0,1,0,0
New York,NY,2007,,0,0,0,1,1,0,0,0,1,0,0
New York,NY,2008,,0,0,0,1,1,1,0,0,1,0,1
New York,NY,2009,,0,0,0,1,1,1,0,0,1,0,1
New York,NY,2010,,0,0,0,1,1,1,0,0,1,0,1
New York,NY,2011,,0,1,0,1,1,1,0,0,1,0,2
New York,NY,2012,,0,1,0,1,1,1,0,0,1,0,2
New York,NY,2013,,0,1,0,1,1,1,0,0,1,0,2
New York,NY,2014,,0,1,0,1,1,1,0,0,1,0,2
New York,NY,2015,,0,1,0,1,1,1,0,0,1,0,2
New York,NY,2016,,0,1,0,1,1,1,0,0,1,0,2
New York,NY,2017,,0,1,0,1,1,1,0,0,1,0,2
New York,NY,2018,,0,1,0,1,1,1,0,0,1,0,2
New York,NY,2019,,0,1,0,1,1,1,0,1,1,0,2
New York,NY,2020,,0,1,0,1,1,1,0,1,1,0,2
North Carolina,NC,1991,1,0,0,0,0,0,0,0,0,0,0,-1
North Carolina,NC,1992,1,0,0,0,0,0,0,0,0,0,0,-1
North Carolina,NC,1993,1,0,0,0,0,0,0,0,0,0,0,-1
North Carolina,NC,1994,1,0,0,0,0,0,0,0,0,0,0,-1
North Carolina,NC,1995,1,0,0,0,0,0,0,0,0,0,0,-1
North Carolina,NC,1996,1,0,0,0,0,0,0,0,0,0,0,-1
North Carolina,NC,1997,1,0,0,0,0,0,0,0,0,0,0,-1
North Carolina,NC,1998,1,0,0,0,0,0,0,0,0,0,0,-1
North Carolina,NC,1999,1,0,0,0,0,0,0,0,0,0,0,-1
North Carolina,NC,2000,1,0,0,0,0,0,0,0,0,0,0,-1
North Carolina,NC,2001,1,0,0,0,0,0,0,0,0,0,0,-1
North Carolina,NC,2002,1,0,0,0,0,0,0,0,0,0,0,-1
North Carolina,NC,2003,,0,0,0,0,0,0,0,0,0,0,0
North Carolina,NC,2004,,0,0,0,0,0,0,0,0,0,0,0
North Carolina,NC,2005,,0,0,0,0,0,0,0,0,0,0,0
North Carolina,NC,2006,,0,0,0,0,0,0,0,0,0,0,0
North Carolina,NC,2007,,0,0,0,0,0,0,0,0,0,0,0
North Carolina,NC,2008,,0,0,0,0,0,0,0,0,0,0,0
North Carolina,NC,2009,,0,0,0,0,0,0,0,0,0,0,0
North Carolina,NC,2010,,0,0,0,0,0,0,0,0,0,0,0
North Carolina,NC,2011,,0,0,0,0,0,0,0,0,0,0,0
North Carolina,NC,2012,,1,0,0,0,0,0,0,0,0,0,0
North Carolina,NC,2013,,1,0,0,0,0,0,0,0,0,0,0
North Carolina,NC,2014,,0,1,0,0,0,0,0,0,0,0,1
North Carolina,NC,2015,,0,1,0,0,0,0,0,0,0,0,1
North Carolina,NC,2016,,0,1,0,0,0,0,0,0,0,1,1
North Carolina,NC,2017,,0,1,0,0,0,0,0,0,0,1,1
North Carolina,NC,2018,,0,1,0,0,0,0,0,0,0,1,1
North Carolina,NC,2019,,0,1,0,0,0,0,0,1,0,1,1
North Carolina,NC,2020,,0,1,0,1,0,0,0,1,0,1,1
North Dakota,ND,1991,,0,0,0,0,0,0,0,0,0,0,0
North Dakota,ND,1992,,0,0,0,0,0,0,0,0,0,0,0
North Dakota,ND,1993,,0,0,0,0,0,0,0,0,0,0,0
North Dakota,ND,1994,,0,0,0,0,0,0,0,0,0,0,0
North Dakota,ND,1995,,0,0,0,0,0,0,0,0,0,0,0
North Dakota,ND,1996,,0,0,0,0,0,0,0,0,0,0,0
North Dakota,ND,1997,,0,0,0,0,0,0,0,0,0,0,0
North Dakota,ND,1998,,0,0,0,0,0,0,0,0,0,0,0
North Dakota,ND,1999,,0,0,0,0,0,0,0,0,0,0,0
North Dakota,ND,2000,,0,0,0,0,0,0,0,0,0,0,0
North Dakota,ND,2001,,0,0,0,0,0,0,0,0,0,0,0
North Dakota,ND,2002,,0,0,0,0,0,0,0,0,0,0,0
North Dakota,ND,2003,,0,0,0,0,0,0,1,0,0,0,0
North Dakota,ND,2004,,1,0,0,0,0,0,1,0,0,0,0
North Dakota,ND,2005,,1,0,0,0,0,0,1,0,0,0,0
North Dakota,ND,2006,,1,0,0,0,0,0,1,0,0,0,0
North Dakota,ND,2007,,1,0,0,0,0,0,1,0,0,0,0
North Dakota,ND,2008,,1,0,0,0,0,0,1,0,0,0,0
North Dakota,ND,2009,,1,0,0,0,0,0,1,0,0,0,0
North Dakota,ND,2010,,1,0,0,0,0,0,1,0,0,0,0
North Dakota,ND,2011,,1,0,0,0,0,0,1,0,0,0,0
North Dakota,ND,2012,,1,0,0,0,0,0,1,0,0,0,0
North Dakota,ND,2013,,1,0,0,0,0,0,1,0,0,0,0
North Dakota,ND,2014,,1,0,0,0,0,0,1,0,0,0,0
North Dakota,ND,2015,,0,1,0,0,0,0,1,0,0,0,1
North Dakota,ND,2016,,0,1,0,0,0,0,1,0,0,0,1
North Dakota,ND,2017,,0,1,0,0,0,0,1,0,0,0,1
North Dakota,ND,2018,,0,1,0,0,0,0,1,0,0,0,1
North Dakota,ND,2019,,0,1,0,0,0,0,1,0,0,0,1
North Dakota,ND,2020,,0,1,0,1,0,0,1,0,0,0,1
Ohio,OH,1991,,0,0,0,0,0,0,0,0,0,0,0
Ohio,OH,1992,,0,0,0,0,0,0,0,0,0,0,0
Ohio,OH,1993,,0,0,0,0,0,0,0,0,0,0,0
Ohio,OH,1994,,0,0,0,0,0,0,0,0,0,0,0
Ohio,OH,1995,,0,0,0,0,0,0,0,0,0,0,0
Ohio,OH,1996,,0,0,0,0,0,0,0,0,0,0,0
Ohio,OH,1997,,0,0,0,0,0,0,0,0,0,0,0
Ohio,OH,1998,,0,0,0,0,0,0,0,0,0,0,0
Ohio,OH,1999,,0,0,0,0,0,0,0,0,0,0,0
Ohio,OH,2000,,0,0,0,0,0,0,0,0,0,0,0
Ohio,OH,2001,,0,0,0,0,0,0,0,0,0,0,0
Ohio,OH,2002,,0,0,0,0,0,0,0,0,0,0,0
Ohio,OH,2003,,0,0,0,0,0,0,0,0,0,0,0
Ohio,OH,2004,,1,0,0,0,0,0,0,0,0,0,0
Ohio,OH,2005,,1,0,0,0,0,0,0,0,0,0,0
Ohio,OH,2006,,1,0,0,0,0,0,0,0,0,0,0
Ohio,OH,2007,,1,0,0,0,0,0,0,0,0,0,0
Ohio,OH,2008,,1,0,0,0,0,0,0,0,0,0,0
Ohio,OH,2009,,1,0,0,0,0,0,0,0,0,0,0
Ohio,OH,2010,,1,0,0,0,0,0,0,0,0,0,0
Ohio,OH,2011,,1,0,0,0,0,0,0,0,0,0,0
Ohio,OH,2012,,1,0,0,0,0,0,0,0,0,0,0
Ohio,OH,2013,,1,0,0,0,0,0,0,0,0,0,0
Ohio,OH,2014,,1,0,0,0,0,0,0,0,0,0,0
Ohio,OH,2015,,0,1,0,0,0,0,0,0,0,0,1
Ohio,OH,2016,,0,1,0,0,0,0,0,0,0,0,1
Ohio,OH,2017,,0,1,0,0,0,1,0,0,0,0,2
Ohio,OH,2018,,0,1,0,0,0,1,0,0,0,0,2
Ohio,OH,2019,,0,1,0,0,0,1,0,0,0,0,2
Ohio,OH,2020,,0,1,0,1,0,1,0,0,0,0,2
Oklahoma,OK,1991,1,0,0,0,0,0,0,0,0,0,0,-1
Oklahoma,OK,1992,1,0,0,0,0,0,0,0,0,0,0,-1
Oklahoma,OK,1993,1,0,0,0,0,0,0,0,0,0,0,-1
Oklahoma,OK,1994,1,0,0,0,0,0,0,0,0,0,0,-1
Oklahoma,OK,1995,1,0,0,0,0,0,0,0,0,0,0,-1
Oklahoma,OK,1996,1,0,0,0,0,0,0,0,0,0,0,-1
Oklahoma,OK,1997,1,0,0,0,0,0,0,0,0,0,0,-1
Oklahoma,OK,1998,1,0,0,0,0,0,0,0,0,0,0,-1
Oklahoma,OK,1999,1,0,0,0,0,0,0,0,0,0,0,-1
Oklahoma,OK,2000,1,0,0,0,0,0,0,0,0,0,0,-1
Oklahoma,OK,2001,1,0,0,0,0,0,0,0,0,0,0,-1
Oklahoma,OK,2002,1,0,0,0,0,0,0,0,0,0,0,-1
Oklahoma,OK,2003,,0,0,0,0,0,0,0,0,0,0,0
Oklahoma,OK,2004,,1,0,0,0,0,0,0,0,0,0,0
Oklahoma,OK,2005,,1,0,0,0,0,0,0,0,0,0,0
Oklahoma,OK,2006,,1,0,0,0,0,0,0,0,0,0,0
Oklahoma,OK,2007,,1,0,0,0,0,0,0,0,0,0,0
Oklahoma,OK,2008,,1,0,0,0,0,0,0,0,0,0,0
Oklahoma,OK,2009,,1,0,0,0,0,0,0,0,0,0,0
Oklahoma,OK,2010,,1,0,0,0,0,0,0,0,0,0,0
Oklahoma,OK,2011,,1,0,0,0,0,0,0,0,0,0,0
Oklahoma,OK,2012,,1,0,0,0,0,0,0,0,0,0,0
Oklahoma,OK,2013,,1,0,0,0,0,0,0,0,0,0,0
Oklahoma,OK,2014,,1,1,0,0,0,0,0,0,0,0,1
Oklahoma,OK,2015,,0,1,0,0,0,0,0,0,0,0,1
Oklahoma,OK,2016,,0,1,0,0,0,0,0,0,0,0,1
Oklahoma,OK,2017,,0,1,0,0,0,0,0,0,0,0,1
Oklahoma,OK,2018,,0,1,0,0,0,0,1,0,0,0,1
Oklahoma,OK,2019,,0,1,0,0,0,0,1,0,0,0,1
Oklahoma,OK,2020,,0,1,0,1,0,0,1,0,0,0,1
Oregon,OR,1991,,0,0,0,0,0,0,0,0,0,0,0
Oregon,OR,1992,,0,0,0,0,0,0,0,0,0,0,0
Oregon,OR,1993,,0,0,0,0,0,0,0,0,0,0,0
Oregon,OR,1994,,0,0,0,0,0,0,0,0,0,0,0
Oregon,OR,1995,,0,0,0,0,0,0,0,0,0,0,0
Oregon,OR,1996,,0,0,0,0,0,0,0,0,0,0,0
Oregon,OR,1997,,0,0,0,0,0,0,0,0,0,0,0
Oregon,OR,1998,,0,0,0,0,0,0,0,0,0,0,0
Oregon,OR,1999,,0,0,0,0,0,0,0,0,0,0,0
Oregon,OR,2000,,0,0,0,0,0,0,0,0,0,0,0
Oregon,OR,2001,,0,0,0,0,1,0,0,0,0,0,0
Oregon,OR,2002,,0,0,0,0,1,0,0,0,0,0,0
Oregon,OR,2003,,0,0,0,0,1,0,0,0,0,0,0
Oregon,OR,2004,,1,0,0,0,1,0,0,0,0,0,0
Oregon,OR,2005,,1,0,0,0,1,0,0,0,0,0,0
Oregon,OR,2006,,1,0,0,0,1,0,0,0,0,0,0
Oregon,OR,2007,,1,0,0,1,1,1,0,0,1,0,1
Oregon,OR,2008,,1,0,1,1,1,1,0,0,1,0,2
Oregon,OR,2009,,1,0,1,1,1,1,0,0,1,0,2
Oregon,OR,2010,,1,0,1,1,1,1,0,0,1,0,2
Oregon,OR,2011,,1,0,1,1,1,1,0,0,1,0,2
Oregon,OR,2012,,1,0,1,1,1,1,0,0,1,0,2
Oregon,OR,2013,,1,0,1,1,1,1,0,0,1,0,2
Oregon,OR,2014,,0,1,1,1,1,1,0,0,1,0,3
Oregon,OR,2015,,0,1,1,1,1,1,0,1,1,0,3
Oregon,OR,2016,,0,1,1,1,1,1,0,1,1,0,3
Oregon,OR,2017,,0,1,1,1,1,1,0,1,1,0,3
Oregon,OR,2018,,0,1,1,1,1,1,0,1,1,0,3
Oregon,OR,2019,,0,1,1,1,1,1,0,1,1,0,3
Oregon,OR,2020,,0,1,1,1,1,1,0,1,1,0,3
Pennsylvania,PA,1991,,0,0,0,0,0,0,0,0,0,0,0
Pennsylvania,PA,1992,,0,0,0,0,0,0,0,0,0,0,0
Pennsylvania,PA,1993,,0,0,0,0,0,0,0,0,0,0,0
Pennsylvania,PA,1994,,0,0,0,0,0,0,0,0,0,0,0
Pennsylvania,PA,1995,,0,0,0,0,0,0,0,0,0,0,0
Pennsylvania,PA,1996,,0,0,0,0,0,0,0,0,0,0,0
Pennsylvania,PA,1997,,0,0,0,0,0,0,0,0,0,0,0
Pennsylvania,PA,1998,,0,0,0,0,0,0,0,0,0,0,0
Pennsylvania,PA,1999,,0,0,0,0,0,0,0,0,0,0,0
Pennsylvania,PA,2000,,0,0,0,0,0,0,0,0,0,0,0
Pennsylvania,PA,2001,,0,0,0,0,0,0,0,0,0,0,0
Pennsylvania,PA,2002,,0,0,0,0,0,0,0,0,0,0,0
Pennsylvania,PA,2003,,0,0,0,0,0,0,0,0,0,0,0
Pennsylvania,PA,2004,,0,0,0,0,0,0,0,0,0,0,0
Pennsylvania,PA,2005,,0,0,0,0,0,0,0,0,0,0,0
Pennsylvania,PA,2006,,0,0,0,0,0,0,0,0,0,0,0
Pennsylvania,PA,2007,,0,0,0,0,0,0,0,0,0,0,0
Pennsylvania,PA,2008,,0,0,0,0,0,0,0,0,0,0,0
Pennsylvania,PA,2009,,0,0,0,0,0,0,0,0,0,0,0
Pennsylvania,PA,2010,,0,0,0,0,0,0,0,0,0,0,0
Pennsylvania,PA,2011,,0,0,0,0,0,0,0,0,0,0,0
Pennsylvania,PA,2012,,0,0,0,0,0,0,0,0,0,0,0
Pennsylvania,PA,2013,,0,0,0,0,0,0,0,0,0,0,0
Pennsylvania,PA,2014,,0,1,0,0,0,0,0,0,0,0,1
Pennsylvania,PA,2015,,0,1,0,0,0,0,0,0,0,0,1
Pennsylvania,PA,2016,,0,1,0,0,0,0,0,0,0,0,1
Pennsylvania,PA,2017,,0,1,0,0,0,0,0,0,0,0,1
Pennsylvania,PA,2018,,0,1,0,1,0,0,0,0,1,0,1
Pennsylvania,PA,2019,,0,1,0,1,0,0,0,0,1,0,1
Pennsylvania,PA,2020,,0,1,0,1,0,0,0,0,1,0,1
Rhode Island,RI,1991,1,0,0,0,0,0,0,0,0,0,0,-1
Rhode Island,RI,1992,1,0,0,0,0,0,0,0,0,0,0,-1
Rhode Island,RI,1993,1,0,0,0,0,0,0,0,0,0,0,-1
Rhode Island,RI,1994,1,0,0,0,0,0,0,0,0,0,0,-1
Rhode Island,RI,1995,1,0,0,0,1,0,0,0,0,1,0,-1
Rhode Island,RI,1996,1,0,0,0,1,0,0,0,0,1,0,-1
Rhode Island,RI,1997,1,0,0,0,1,0,0,0,0,1,0,-1
Rhode Island,RI,1998,,0,0,0,1,0,0,0,0,1,0,0
Rhode Island,RI,1999,,0,0,0,1,0,0,0,0,1,0,0
Rhode Island,RI,2000,,0,0,0,1,0,0,0,0,1,0,0
Rhode Island,RI,2001,,0,0,0,1,1,0,0,0,1,0,0
Rhode Island,RI,2002,,0,0,0,1,1,0,0,0,1,0,0
Rhode Island,RI,2003,,0,0,0,1,1,0,0,0,1,0,0
Rhode Island,RI,2004,,0,0,0,1,1,0,0,0,1,0,0
Rhode Island,RI,2005,,0,0,0,1,1,0,0,0,1,0,0
Rhode Island,RI,2006,,0,0,0,1,1,0,0,0,1,0,0
Rhode Island,RI,2007,,0,0,0,1,1,0,0,0,1,0,0
Rhode Island,RI,2008,,0,0,0,1,1,0,0,0,1,0,0
Rhode Island,RI,2009,,0,0,0,1,1,1,0,0,1,0,1
Rhode Island,RI,2010,,0,0,0,1,1,1,0,0,1,0,1
Rhode Island,RI,2011,,0,0,0,1,1,1,0,0,1,0,1
Rhode Island,RI,2012,,0,0,0,1,1,1,0,0,1,0,1
Rhode Island,RI,2013,,0,1,0,1,1,1,0,0,1,0,2
Rhode Island,RI,2014,,0,1,0,1,1,1,0,0,1,0,2
Rhode Island,RI,2015,,0,1,0,1,1,1,0,0,1,0,2
Rhode Island,RI,2016,,0,1,0,1,1,1,0,0,1,0,2
Rhode Island,RI,2017,,0,1,0,1,1,1,0,1,1,0,2
Rhode Island,RI,2018,,0,1,0,1,1,1,0,1,1,0,2
Rhode Island,RI,2019,,0,1,0,1,1,1,0,1,1,0,2
Rhode Island,RI,2020,,0,1,0,1,1,1,0,1,1,0,2
South Carolina,SC,1991,1,0,0,0,0,0,0,0,0,0,0,-1
South Carolina,SC,1992,1,0,0,0,0,0,0,0,0,0,0,-1
South Carolina,SC,1993,1,0,0,0,0,0,0,0,0,0,0,-1
South Carolina,SC,1994,1,0,0,0,0,0,0,0,0,0,0,-1
South Carolina,SC,1995,1,0,0,0,0,0,0,0,0,0,0,-1
South Carolina,SC,1996,1,0,0,0,0,0,0,0,0,0,0,-1
South Carolina,SC,1997,1,0,0,0,0,0,0,0,0,0,0,-1
South Carolina,SC,1998,1,0,0,0,0,0,0,0,0,0,0,-1
South Carolina,SC,1999,1,0,0,0,0,0,0,0,0,0,0,-1
South Carolina,SC,2000,1,0,0,0,0,0,0,0,0,0,0,-1
South Carolina,SC,2001,1,0,0,0,0,0,0,0,0,0,0,-1
South Carolina,SC,2002,1,0,0,0,0,0,0,0,0,0,0,-1
South Carolina,SC,2003,,0,0,0,0,0,0,0,0,0,0,0
South Carolina,SC,2004,,0,0,0,0,0,0,0,0,0,0,0
South Carolina,SC,2005,,0,0,0,0,0,0,0,0,0,0,0
South Carolina,SC,2006,,1,0,0,0,0,0,0,0,0,0,0
South Carolina,SC,2007,,1,0,0,0,0,0,0,0,0,0,0
South Carolina,SC,2008,,1,0,0,0,0,0,0,0,0,0,0
South Carolina,SC,2009,,1,0,0,0,0,0,0,0,0,0,0
South Carolina,SC,2010,,1,0,0,0,0,0,0,0,0,0,0
South Carolina,SC,2011,,1,0,0,0,0,0,0,0,0,0,0
South Carolina,SC,2012,,1,0,0,0,0,0,0,0,0,0,0
South Carolina,SC,2013,,1,0,0,0,0,0,0,0,0,0,0
South Carolina,SC,2014,,1,1,0,0,0,0,0,0,0,0,1
South Carolina,SC,2015,,0,1,0,0,0,0,0,0,0,0,1
South Carolina,SC,2016,,0,1,0,0,0,0,0,0,0,0,1
South Carolina,SC,2017,,0,1,0,0,0,0,0,0,0,0,1
South Carolina,SC,2018,,0,1,0,0,0,0,1,0,0,0,1
South Carolina,SC,2019,,0,1,0,0,0,0,1,0,0,0,1
South Carolina,SC,2020,,0,1,0,1,0,0,1,0,0,0,1
South Dakota,SD,1991,,0,0,0,0,0,0,0,0,0,0,0
South Dakota,SD,1992,,0,0,0,0,0,0,0,0,0,0,0
South Dakota,SD,1993,,0,0,0,0,0,0,0,0,0,0,0
South Dakota,SD,1994,,0,0,0,0,0,0,0,0,0,0,0
South Dakota,SD,1995,,0,0,0,0,0,0,0,0,0,0,0
South Dakota,SD,1996,,0,0,0,0,0,0,0,0,0,0,0
South Dakota,SD,1997,,0,0,0,0,0,0,0,0,0,0,0
South Dakota,SD,1998,,0,0,0,0,0,0,0,0,0,0,0
South Dakota,SD,1999,,0,0,0,0,0,0,0,0,0,0,0
South Dakota,SD,2000,,0,0,0,0,0,0,0,0,0,0,0
South Dakota,SD,2001,,0,0,0,0,0,0,0,0,0,0,0
South Dakota,SD,2002,,0,0,0,0,0,0,0,0,0,0,0
South Dakota,SD,2003,,0,0,0,0,0,0,0,0,0,0,0
South Dakota,SD,2004,,0,0,0,0,0,0,0,0,0,0,0
South Dakota,SD,2005,,0,0,0,0,0,0,0,0,0,0,0
South Dakota,SD,2006,,1,0,0,0,0,0,0,0,0,0,0
South Dakota,SD,2007,,1,0,0,0,0,0,0,0,0,0,0
South Dakota,SD,2008,,1,0,0,0,0,0,0,0,0,0,0
South Dakota,SD,2009,,1,0,0,0,0,0,0,0,0,0,0
South Dakota,SD,2010,,1,0,0,0,0,0,0,0,0,0,0
South Dakota,SD,2011,,1,0,0,0,0,0,0,0,0,0,0
South Dakota,SD,2012,,1,0,0,0,0,0,0,0,0,0,0
South Dakota,SD,2013,,1,0,0,0,0,0,0,0,0,0,0
South Dakota,SD,2014,,1,0,0,0,0,1,0,0,0,0,1
South Dakota,SD,2015,,0,1,0,0,0,1,0,0,0,0,2
South Dakota,SD,2016,,0,1,0,0,0,1,0,0,0,0,2
South Dakota,SD,2017,,0,1,0,0,0,1,1,0,0,0,2
South Dakota,SD,2018,,0,1,0,0,0,1,1,0,0,0,2
South Dakota,SD,2019,,0,1,0,0,0,1,1,0,0,0,2
South Dakota,SD,2020,,0,1,0,1,0,1,1,0,0,0,2
Tennessee,TN,1991,1,0,0,0,0,0,0,0,0,0,0,-1
Tennessee,TN,1992,1,0,0,0,0,0,0,0,0,0,0,-1
Tennessee,TN,1993,1,0,0,0,0,0,0,0,0,0,0,-1
Tennessee,TN,1994,1,0,0,0,0,0,0,0,0,0,0,-1
Tennessee,TN,1995,1,0,0,0,0,0,0,0,0,0,0,-1
Tennessee,TN,1996,,0,0,0,0,0,0,0,0,0,0,0
Tennessee,TN,1997,,0,0,0,0,0,0,0,0,0,0,0
Tennessee,TN,1998,,0,0,0,0,0,0,0,0,0,0,0
Tennessee,TN,1999,,0,0,0,0,0,0,0,0,0,0,0
Tennessee,TN,2000,,0,0,0,0,0,0,0,0,0,0,0
Tennessee,TN,2001,,0,0,0,0,1,0,0,0,0,0,0
Tennessee,TN,2002,,0,0,0,0,1,0,0,0,0,0,0
Tennessee,TN,2003,,0,0,0,0,1,0,0,0,0,0,0
Tennessee,TN,2004,,0,0,0,0,1,0,0,0,0,0,0
Tennessee,TN,2005,,0,0,0,0,1,0,0,0,0,0,0
Tennessee,TN,2006,,1,0,0,0,1,0,0,0,0,0,0
Tennessee,TN,2007,,1,0,0,0,1,0,0,0,0,0,0
Tennessee,TN,2008,,1,0,0,0,1,0,0,0,0,0,0
Tennessee,TN,2009,,1,0,0,0,1,0,0,0,0,0,0
Tennessee,TN,2010,,1,0,0,0,1,0,0,0,0,0,0
Tennessee,TN,2011,,1,0,0,0,1,0,0,0,0,1,0
Tennessee,TN,2012,,1,0,0,0,1,0,0,0,0,1,0
Tennessee,TN,2013,,1,0,0,0,1,0,0,0,0,1,0
Tennessee,TN,2014,,1,0,0,0,1,0,0,0,0,1,0
Tennessee,TN,2015,,0,1,0,0,1,1,0,0,0,1,2
Tennessee,TN,2016,,0,1,0,0,1,1,0,0,0,1,2
Tennessee,TN,2017,,0,1,0,0,1,1,0,0,0,1,2
Tennessee,TN,2018,,0,1,0,0,1,1,0,0,0,1,2
Tennessee,TN,2019,,0,1,0,0,1,1,0,0,0,1,2
Tennessee,TN,2020,,0,1,0,1,1,1,1,0,0,1,2
Texas,TX,1991,1,0,0,0,0,0,0,0,0,0,0,-1
Texas,TX,1992,1,0,0,0,0,0,0,0,0,0,0,-1
Texas,TX,1993,1,0,0,0,0,0,0,0,0,0,0,-1
Texas,TX,1994,1,0,0,0,0,0,0,0,0,0,0,-1
Texas,TX,1995,1,0,0,0,0,0,0,0,0,0,0,-1
Texas,TX,1996,1,0,0,0,0,0,0,0,0,0,0,-1
Texas,TX,1997,1,0,0,0,0,0,0,0,0,0,0,-1
Texas,TX,1998,1,0,0,0,0,0,0,0,0,0,0,-1
Texas,TX,1999,1,0,0,0,0,0,0,0,0,0,0,-1
Texas,TX,2000,1,0,0,0,0,0,0,0,0,0,0,-1
Texas,TX,2001,1,0,0,0,0,0,0,0,0,0,0,-1
Texas,TX,2002,1,0,0,0,0,1,0,0,0,0,0,-1
Texas,TX,2003,,0,0,0,0,1,0,0,0,0,0,0
Texas,TX,2004,,0,0,0,0,1,0,0,0,0,0,0
Texas,TX,2005,,1,0,0,0,1,0,0,0,0,0,0
Texas,TX,2006,,1,0,0,0,1,0,0,0,0,0,0
Texas,TX,2007,,1,0,0,0,1,0,0,0,0,0,0
Texas,TX,2008,,1,0,0,0,1,0,0,0,0,0,0
Texas,TX,2009,,1,0,0,0,1,0,0,0,0,0,0
Texas,TX,2010,,1,0,0,0,1,0,0,0,0,0,0
Texas,TX,2011,,1,0,0,0,1,0,0,0,0,0,0
Texas,TX,2012,,1,0,0,0,1,0,0,0,0,0,0
Texas,TX,2013,,1,0,0,0,1,0,0,0,0,0,0
Texas,TX,2014,,1,0,0,0,1,0,0,0,0,0,0
Texas,TX,2015,,0,1,0,0,1,0,0,0,0,0,1
Texas,TX,2016,,0,1,0,0,1,0,0,0,0,0,1
Texas,TX,2017,,0,1,0,0,1,0,1,0,0,0,1
Texas,TX,2018,,0,1,0,0,1,0,1,0,0,0,1
Texas,TX,2019,,0,1,0,0,1,0,1,0,0,0,1
Texas,TX,2020,,0,1,0,1,1,0,1,0,0,0,1
Utah,UT,1991,1,0,0,0,0,0,0,0,0,0,0,-1
Utah,UT,1992,1,0,0,0,0,0,0,0,0,0,0,-1
Utah,UT,1993,1,0,0,0,0,0,0,0,0,0,0,-1
Utah,UT,1994,1,0,0,0,0,0,0,0,0,0,0,-1
Utah,UT,1995,1,0,0,0,0,0,0,0,0,0,0,-1
Utah,UT,1996,1,0,0,0,0,0,0,0,0,0,0,-1
Utah,UT,1997,1,0,0,0,0,0,0,0,0,0,0,-1
Utah,UT,1998,1,0,0,0,0,0,0,0,0,0,0,-1
Utah,UT,1999,1,0,0,0,0,0,0,0,0,0,0,-1
Utah,UT,2000,1,0,0,0,0,0,0,0,0,0,0,-1
Utah,UT,2001,1,0,0,0,0,0,0,0,0,0,0,-1
Utah,UT,2002,1,0,0,0,0,0,0,0,0,0,0,-1
Utah,UT,2003,,0,0,0,0,0,0,0,0,0,0,0
Utah,UT,2004,,1,0,0,0,0,0,0,0,0,0,0
Utah,UT,2005,,1,0,0,0,0,0,0,0,0,0,0
Utah,UT,2006,,1,0,0,0,0,0,0,0,0,0,0
Utah,UT,2007,,1,0,0,0,0,0,0,0,0,0,0
Utah,UT,2008,,1,0,0,0,0,0,0,0,0,0,0
Utah,UT,2009,,1,0,0,0,0,0,0,0,0,0,0
Utah,UT,2010,,1,0,0,0,0,0,0,0,0,0,0
Utah,UT,2011,,1,0,0,0,0,0,0,0,0,0,0
Utah,UT,2012,,1,0,0,0,0,0,0,0,0,0,0
Utah,UT,2013,,1,0,0,0,0,0,0,0,0,0,0
Utah,UT,2014,,1,1,0,0,0,0,0,0,0,0,1
Utah,UT,2015,,0,1,0,1,0,0,0,0,1,0,1
Utah,UT,2016,,0,1,0,1,0,0,0,0,1,0,1
Utah,UT,2017,,0,1,0,1,0,0,0,0,1,0,1
Utah,UT,2018,,0,1,0,1,0,0,0,0,1,0,1
Utah,UT,2019,,0,1,0,1,1,0,0,0,1,0,1
Utah,UT,2020,,0,1,0,1,1,0,0,1,1,0,1
Vermont,VT,1991,,0,0,0,0,0,0,0,0,0,0,0
Vermont,VT,1992,,0,0,0,1,0,0,0,0,1,0,0
Vermont,VT,1993,,0,0,0,1,0,0,0,0,1,0,0
Vermont,VT,1994,,0,0,0,1,0,0,0,0,1,0,0
Vermont,VT,1995,,0,0,0,1,0,0,0,0,1,0,0
Vermont,VT,1996,,0,0,0,1,0,0,0,0,1,0,0
Vermont,VT,1997,,0,0,0,1,0,0,0,0,1,0,0
Vermont,VT,1998,,0,0,0,1,0,0,0,0,1,0,0
Vermont,VT,1999,,0,0,0,1,0,0,0,0,1,0,0
Vermont,VT,2000,,0,0,0,1,0,0,0,0,1,0,0
Vermont,VT,2001,,0,0,0,1,1,0,0,0,1,0,0
Vermont,VT,2002,,0,0,0,1,1,0,0,0,1,0,0
Vermont,VT,2003,,0,0,0,1,1,0,0,0,1,0,0
Vermont,VT,2004,,0,0,0,1,1,0,0,0,1,0,0
Vermont,VT,2005,,0,0,0,1,1,0,0,0,1,0,0
Vermont,VT,2006,,0,0,0,1,1,0,0,0,1,0,0
Vermont,VT,2007,,0,0,0,1,1,0,0,0,1,0,0
Vermont,VT,2008,,0,0,0,1,1,0,0,0,1,0,0
Vermont,VT,2009,,0,1,0,1,1,1,0,0,1,0,2
Vermont,VT,2010,,0,1,0,1,1,1,0,0,1,0,2
Vermont,VT,2011,,0,1,0,1,1,1,0,0,1,0,2
Vermont,VT,2012,,0,1,0,1,1,1,0,0,1,0,2
Vermont,VT,2013,,0,1,0,1,1,1,0,0,1,0,2
Vermont,VT,2014,,0,1,0,1,1,1,0,0,1,0,2
Vermont,VT,2015,,0,1,0,1,1,1,0,0,1,0,2
Vermont,VT,2016,,0,1,0,1,1,1,0,1,1,0,2
Vermont,VT,2017,,0,1,0,1,1,1,0,1,1,0,2
Vermont,VT,2018,,0,1,0,1,1,1,0,1,1,0,2
Vermont,VT,2019,,0,1,0,1,1,1,0,1,1,0,2
Vermont,VT,2020,,0,1,0,1,1,1,0,1,1,0,2
Virginia,VA,1991,1,0,0,0,0,0,0,0,0,0,0,-1
Virginia,VA,1992,1,0,0,0,0,0,0,0,0,0,0,-1
Virginia,VA,1993,1,0,0,0,0,0,0,0,0,0,0,-1
Virginia,VA,1994,1,0,0,0,0,0,0,0,0,0,0,-1
Virginia,VA,1995,1,0,0,0,0,0,0,0,0,0,0,-1
Virginia,VA,1996,1,0,0,0,0,0,0,0,0,0,0,-1
Virginia,VA,1997,1,0,0,0,0,0,0,0,0,0,0,-1
Virginia,VA,1998,1,0,0,0,0,0,0,0,0,0,0,-1
Virginia,VA,1999,1,0,0,0,0,0,0,0,0,0,0,-1
Virginia,VA,2000,1,0,0,0,0,0,0,0,0,0,0,-1
Virginia,VA,2001,1,0,0,0,0,0,0,0,0,0,0,-1
Virginia,VA,2002,1,0,0,0,0,0,0,0,0,0,0,-1
Virginia,VA,2003,,0,0,0,0,0,0,0,0,0,0,0
Virginia,VA,2004,,0,0,0,0,0,0,0,0,0,0,0
Virginia,VA,2005,,0,0,0,0,0,0,0,0,0,0,0
Virginia,VA,2006,,1,0,0,0,0,0,0,0,0,0,0
Virginia,VA,2007,,1,0,0,0,0,0,0,0,0,0,0
Virginia,VA,2008,,1,0,0,0,0,0,0,0,0,0,0
Virginia,VA,2009,,1,0,0,0,0,0,0,0,0,0,0
Virginia,VA,2010,,1,0,0,0,0,1,0,0,0,0,1
Virginia,VA,2011,,1,0,0,0,0,1,0,0,0,0,1
Virginia,VA,2012,,1,0,0,0,0,1,1,0,0,0,1
Virginia,VA,2013,,1,0,0,0,0,1,1,0,0,0,1
Virginia,VA,2014,,1,1,0,0,0,1,1,0,0,0,2
Virginia,VA,2015,,0,1,0,0,0,1,1,0,0,0,2
Virginia,VA,2016,,0,1,0,0,0,1,1,0,0,0,2
Virginia,VA,2017,,0,1,0,0,0,1,1,0,0,0,2
Virginia,VA,2018,,0,1,0,0,0,1,1,0,0,0,2
Virginia,VA,2019,,0,1,0,0,0,1,1,0,0,0,2
Virginia,VA,2020,,0,1,0,1,1,1,1,1,1,0,2
Washington,WA,1991,,0,0,0,0,0,0,0,0,0,0,0
Washington,WA,1992,,0,0,0,0,0,0,0,0,0,0,0
Washington,WA,1993,,0,0,0,0,1,0,0,0,0,0,0
Washington,WA,1994,,0,0,0,0,1,0,0,0,0,0,0
Washington,WA,1995,,0,0,0,0,1,0,0,0,0,0,0
Washington,WA,1996,,0,0,0,0,1,0,0,0,0,0,0
Washington,WA,1997,,0,0,0,0,1,0,0,0,0,0,0
Washington,WA,1998,,0,0,0,0,1,0,0,0,0,0,0
Washington,WA,1999,,0,0,0,0,1,0,0,0,0,0,0
Washington,WA,2000,,0,0,0,0,1,0,0,0,0,0,0
Washington,WA,2001,,0,0,0,0,1,0,0,0,0,0,0
Washington,WA,2002,,0,0,0,0,1,0,0,0,0,0,0
Washington,WA,2003,,0,0,0,0,1,0,0,0,0,0,0
Washington,WA,2004,,0,0,0,0,1,0,0,0,0,0,0
Washington,WA,2005,,0,0,0,0,1,0,0,0,0,0,0
Washington,WA,2006,,0,0,0,1,1,0,0,0,1,0,0
Washington,WA,2007,,0,0,0,1,1,0,0,0,1,0,0
Washington,WA,2008,,0,0,0,1,1,0,0,0,1,0,0
Washington,WA,2009,,0,0,0,1,1,0,0,0,1,0,0
Washington,WA,2010,,0,0,0,1,1,0,0,0,1,0,0
Washington,WA,2011,,0,0,0,1,1,0,0,0,1,0,0
Washington,WA,2012,,0,1,0,1,1,0,0,0,1,0,1
Washington,WA,2013,,0,1,0,1,1,1,0,0,1,0,2
Washington,WA,2014,,0,1,0,1,1,1,0,0,1,0,2
Washington,WA,2015,,0,1,0,1,1,1,0,0,1,0,2
Washington,WA,2016,,0,1,0,1,1,1,0,0,1,0,2
Washington,WA,2017,,0,1,0,1,1,1,0,0,1,0,2
Washington,WA,2018,,0,1,0,1,1,1,0,1,1,0,2
Washington,WA,2019,,0,1,0,1,1,1,0,1,1,0,2
Washington,WA,2020,,0,1,0,1,1,1,0,1,1,0,2
West Virginia,WV,1991,,0,0,0,0,0,0,0,0,0,0,0
West Virginia,WV,1992,,0,0,0,0,0,0,0,0,0,0,0
West Virginia,WV,1993,,0,0,0,0,0,0,0,0,0,0,0
West Virginia,WV,1994,,0,0,0,0,0,0,0,0,0,0,0
West Virginia,WV,1995,,0,0,0,0,0,0,0,0,0,0,0
West Virginia,WV,1996,,0,0,0,0,0,0,0,0,0,0,0
West Virginia,WV,1997,,0,0,0,0,0,0,0,0,0,0,0
West Virginia,WV,1998,,0,0,0,0,0,0,0,0,0,0,0
West Virginia,WV,1999,,0,0,0,0,0,0,0,0,0,0,0
West Virginia,WV,2000,,0,0,0,0,0,0,0,0,0,0,0
West Virginia,WV,2001,,0,0,0,0,0,0,0,0,0,0,0
West Virginia,WV,2002,,0,0,0,0,0,0,0,0,0,0,0
West Virginia,WV,2003,,0,0,0,0,0,0,0,0,0,0,0
West Virginia,WV,2004,,0,0,0,0,0,0,0,0,0,0,0
West Virginia,WV,2005,,0,0,0,0,0,0,0,0,0,0,0
West Virginia,WV,2006,,0,0,0,0,0,0,0,0,0,0,0
West Virginia,WV,2007,,0,0,0,0,0,0,0,0,0,0,0
West Virginia,WV,2008,,0,0,0,0,0,0,0,0,0,0,0
West Virginia,WV,2009,,0,0,0,0,0,0,0,0,0,0,0
West Virginia,WV,2010,,0,0,0,0,0,0,0,0,0,0,0
West Virginia,WV,2011,,0,0,0,0,0,0,0,0,0,0,0
West Virginia,WV,2012,,0,0,0,0,0,0,0,0,0,0,0
West Virginia,WV,2013,,0,0,0,0,0,0,0,0,0,0,0
West Virginia,WV,2014,,0,1,0,0,0,0,0,0,0,0,1
West Virginia,WV,2015,,0,1,0,0,0,0,0,0,0,0,1
West Virginia,WV,2016,,0,1,0,0,0,0,0,0,0,0,1
West Virginia,WV,2017,,0,1,0,0,0,1,0,0,0,0,2
West Virginia,WV,2018,,0,1,0,0,0,1,0,0,0,0,2
West Virginia,WV,2019,,0,1,0,0,0,1,0,0,0,0,2
West Virginia,WV,2020,,0,1,0,1,0,1,0,0,0,0,2
Wisconsin,WI,1991,,0,0,0,1,0,0,0,0,1,0,0
Wisconsin,WI,1992,,0,0,0,1,0,0,0,0,1,0,0
Wisconsin,WI,1993,,0,0,0,1,0,0,0,0,1,0,0
Wisconsin,WI,1994,,0,0,0,1,0,0,0,0,1,0,0
Wisconsin,WI,1995,,0,0,0,1,0,0,0,0,1,0,0
Wisconsin,WI,1996,,0,0,0,1,0,0,0,0,1,0,0
Wisconsin,WI,1997,,0,0,0,1,0,0,0,0,1,0,0
Wisconsin,WI,1998,,0,0,0,1,0,0,0,0,1,0,0
Wisconsin,WI,1999,,0,0,0,1,0,0,0,0,1,0,0
Wisconsin,WI,2000,,0,0,0,1,0,0,0,0,1,0,0
Wisconsin,WI,2001,,0,0,0,1,0,0,0,0,1,0,0
Wisconsin,WI,2002,,0,0,0,1,1,0,0,0,1,0,0
Wisconsin,WI,2003,,0,0,0,1,1,0,0,0,1,0,0
Wisconsin,WI,2004,,0,0,0,1,1,0,0,0,1,0,0
Wisconsin,WI,2005,,0,0,0,1,1,0,0,0,1,0,0
Wisconsin,WI,2006,,1,0,0,1,1,0,0,0,1,0,0
Wisconsin,WI,2007,,1,0,0,1,1,0,0,0,1,0,0
Wisconsin,WI,2008,,1,0,0,1,1,0,0,0,1,0,0
Wisconsin,WI,2009,,1,0,0,1,1,0,0,0,1,0,0
Wisconsin,WI,2010,,1,0,0,1,1,0,0,0,1,0,0
Wisconsin,WI,2011,,1,0,0,1,1,0,0,0,1,0,0
Wisconsin,WI,2012,,1,0,0,1,1,0,0,0,1,0,0
Wisconsin,WI,2013,,1,0,0,1,1,0,0,0,1,0,0
Wisconsin,WI,2014,,1,1,0,1,1,0,0,0,1,0,1
Wisconsin,WI,2015,,0,1,0,1,1,0,0,0,1,0,1
Wisconsin,WI,2016,,0,1,0,1,1,0,0,0,1,0,1
Wisconsin,WI,2017,,0,1,0,1,1,0,0,0,1,0,1
Wisconsin,WI,2018,,0,1,0,1,1,0,0,0,1,0,1
Wisconsin,WI,2019,,0,1,0,1,1,0,0,0,1,0,1
Wisconsin,WI,2020,,0,1,0,1,1,0,0,0,1,0,1
Wyoming,WY,1991,,0,0,0,0,0,0,0,0,0,0,0
Wyoming,WY,1992,,0,0,0,0,0,0,0,0,0,0,0
Wyoming,WY,1993,,0,0,0,0,0,0,0,0,0,0,0
Wyoming,WY,1994,,0,0,0,0,0,0,0,0,0,0,0
Wyoming,WY,1995,,0,0,0,0,0,0,0,0,0,0,0
Wyoming,WY,1996,,0,0,0,0,0,0,0,0,0,0,0
Wyoming,WY,1997,,0,0,0,0,0,0,0,0,0,0,0
Wyoming,WY,1998,,0,0,0,0,0,0,0,0,0,0,0
Wyoming,WY,1999,,0,0,0,0,0,0,0,0,0,0,0
Wyoming,WY,2000,,0,0,0,0,0,0,0,0,0,0,0
Wyoming,WY,2001,,0,0,0,0,0,0,0,0,0,0,0
Wyoming,WY,2002,,0,0,0,0,0,0,0,0,0,0,0
Wyoming,WY,2003,,0,0,0,0,0,0,0,0,0,0,0
Wyoming,WY,2004,,0,0,0,0,0,0,0,0,0,0,0
Wyoming,WY,2005,,0,0,0,0,0,0,0,0,0,0,0
Wyoming,WY,2006,,0,0,0,0,0,0,0,0,0,0,0
Wyoming,WY,2007,,0,0,0,0,0,0,0,0,0,0,0
Wyoming,WY,2008,,0,0,0,0,0,0,0,0,0,0,0
Wyoming,WY,2009,,0,0,0,0,0,0,0,0,0,0,0
Wyoming,WY,2010,,0,0,0,0,0,0,0,0,0,0,0
Wyoming,WY,2011,,0,0,0,0,0,0,0,0,0,0,0
Wyoming,WY,2012,,0,0,0,0,0,0,0,0,0,0,0
Wyoming,WY,2013,,0,0,0,0,0,0,0,0,0,0,0
Wyoming,WY,2014,,0,1,0,0,0,0,0,0,0,0,1
Wyoming,WY,2015,,0,1,0,0,0,0,0,0,0,0,1
Wyoming,WY,2016,,0,1,0,0,0,0,0,0,0,0,1
Wyoming,WY,2017,,0,1,0,0,0,0,0,0,0,0,1
Wyoming,WY,2018,,0,1,0,0,0,0,0,0,0,0,1
Wyoming,WY,2019,,0,1,0,0,0,0,0,0,0,0,1
Wyoming,WY,2020,,0,1,0,1,0,0,0,0,0,0,1